,opimizer,lr,epoch,accuracy,loss,test_accuracy,test_loss
0,SGD,0.001,200,0.9399399757385254,0.20601867139339447,0.9376999735832214,0.21445749700069427
1,SGD,0.002,200,0.9611799716949463,0.13676324486732483,0.9545000195503235,0.157831609249115
2,SGD,0.003,200,0.9737600088119507,0.09284942597150803,0.9642000198364258,0.12622518837451935
3,SGD,0.004,200,0.9814599752426147,0.06754494458436966,0.9639999866485596,0.11477605998516083
4,SGD,0.005,200,0.9841799736022949,0.05887169390916824,0.9672999978065491,0.10916628688573837
5,SGD,0.006,200,0.9900799989700317,0.04134180769324303,0.9684000015258789,0.104716956615448
6,SGD,0.007,200,0.9925400018692017,0.03368346020579338,0.9678000211715698,0.10439302027225494
7,SGD,0.008,200,0.9944800138473511,0.028095321729779243,0.9700999855995178,0.10005372017621994
8,SGD,0.009000000000000001,200,0.9965800046920776,0.020452143624424934,0.9678999781608582,0.10949339717626572
9,SGD,0.010000000000000002,200,0.9976000189781189,0.01676536351442337,0.972000002861023,0.10378415882587433
10,SGD,0.011,200,0.9981799721717834,0.014003808610141277,0.9667999744415283,0.1225275844335556
11,SGD,0.012,200,0.9990800023078918,0.01074953656643629,0.9688000082969666,0.11482491344213486
12,SGD,0.013000000000000001,200,0.999239981174469,0.008789876475930214,0.9682000279426575,0.12203481793403625
13,SGD,0.014000000000000002,200,0.9995399713516235,0.008347381837666035,0.9670000076293945,0.12988051772117615
14,SGD,0.015,200,0.9998599886894226,0.006045376416295767,0.9686999917030334,0.1296379566192627
15,SGD,0.016,200,0.9999399781227112,0.0047853924334049225,0.9682000279426575,0.13074485957622528
16,SGD,0.017,200,0.9998199939727783,0.005201521795243025,0.9700999855995178,0.1250263899564743
17,SGD,0.018000000000000002,200,0.9999200105667114,0.004645958077162504,0.9660999774932861,0.14289522171020508
18,SGD,0.019000000000000003,200,0.9999799728393555,0.0034376149997115135,0.9711999893188477,0.12910714745521545
19,SGD,0.02,200,1.0,0.003107907949015498,0.9692999720573425,0.1372946798801422
20,SGD,0.021,200,0.9999799728393555,0.0027813713531941175,0.9690999984741211,0.14602965116500854
21,SGD,0.022000000000000002,200,1.0,0.0025668328162282705,0.9722999930381775,0.13617569208145142
22,SGD,0.023,200,1.0,0.0022234346251934767,0.968500018119812,0.14345797896385193
23,SGD,0.024,200,1.0,0.0020683039911091328,0.9703999757766724,0.14067445695400238
24,SGD,0.025,200,0.9999799728393555,0.0019212333718314767,0.9688000082969666,0.14141936600208282
25,SGD,0.026000000000000002,200,1.0,0.001745253917761147,0.9688000082969666,0.15139514207839966
26,SGD,0.027000000000000003,200,1.0,0.0015847237082198262,0.9685999751091003,0.14879818260669708
27,SGD,0.028,200,1.0,0.001412378391250968,0.9700999855995178,0.14752769470214844
28,SGD,0.029,200,1.0,0.001383181195706129,0.9708999991416931,0.13409917056560516
29,SGD,0.030000000000000002,200,1.0,0.0014815530739724636,0.9708999991416931,0.14545340836048126
30,SGD,0.031,200,1.0,0.0012988487724214792,0.9700000286102295,0.16182658076286316
31,SGD,0.032,200,1.0,0.0010191953042522073,0.9710999727249146,0.150578573346138
32,SGD,0.033,200,1.0,0.0011159621644765139,0.9717000126838684,0.1419404298067093
33,SGD,0.034,200,1.0,0.0011306199012324214,0.9713000059127808,0.15059590339660645
34,SGD,0.035,200,0.9999799728393555,0.0010795651469379663,0.9696999788284302,0.16034895181655884
35,SGD,0.036000000000000004,200,1.0,0.0009450053912587464,0.9715999960899353,0.14894506335258484
36,SGD,0.037000000000000005,200,1.0,0.0008815660257823765,0.9696000218391418,0.15465712547302246
37,SGD,0.038,200,1.0,0.0008015773491933942,0.9710000157356262,0.14843116700649261
38,SGD,0.039,200,1.0,0.0007882593781687319,0.9717000126838684,0.1439388543367386
39,SGD,0.04,200,1.0,0.0007782949833199382,0.9714000225067139,0.1540292650461197
40,SGD,0.041,200,1.0,0.0007692034123465419,0.9700999855995178,0.1721963733434677
41,SGD,0.042,200,1.0,0.000688394415192306,0.9704999923706055,0.1569361686706543
42,SGD,0.043000000000000003,200,1.0,0.0006831163773313165,0.9696000218391418,0.15986715257167816
43,SGD,0.044000000000000004,200,1.0,0.0006169585394673049,0.9715999960899353,0.1515173614025116
44,SGD,0.045,200,1.0,0.0005741501809097826,0.9717000126838684,0.15462735295295715
45,SGD,0.046,200,1.0,0.0005764869856648147,0.9708999991416931,0.15665334463119507
46,SGD,0.047,200,1.0,0.0005786212277598679,0.9731000065803528,0.1487198919057846
47,SGD,0.048,200,1.0,0.0005356224137358367,0.9715999960899353,0.1641736626625061
48,SGD,0.049,200,1.0,0.0005672548431903124,0.9725000262260437,0.15602214634418488
49,SGD,0.05,200,1.0,0.0005081470008008182,0.9718999862670898,0.15701501071453094
50,SGD,0.051000000000000004,200,1.0,0.0005077320383861661,0.9692000150680542,0.16255830228328705
51,SGD,0.052000000000000005,200,1.0,0.00045870471512898803,0.972000002861023,0.14735735952854156
52,SGD,0.053000000000000005,200,1.0,0.00047055736649781466,0.9711999893188477,0.15849825739860535
53,SGD,0.054,200,1.0,0.0004385403881315142,0.9714999794960022,0.16129158437252045
54,SGD,0.055,200,1.0,0.0004224052536301315,0.9703999757766724,0.17690536379814148
55,SGD,0.056,200,1.0,0.00044913767487742007,0.9706000089645386,0.17298968136310577
56,SGD,0.057,200,1.0,0.00041815705480985343,0.9715999960899353,0.1657908409833908
57,SGD,0.058,200,1.0,0.00038568428135477006,0.9735000133514404,0.1469929814338684
58,SGD,0.059000000000000004,200,1.0,0.00040399242425337434,0.9707000255584717,0.1721523255109787
59,SGD,0.060000000000000005,200,1.0,0.00041093831532634795,0.9711999893188477,0.16731055080890656
60,SGD,0.061,200,1.0,0.0003980725887231529,0.9713000059127808,0.16209222376346588
61,SGD,0.062,200,1.0,0.0003530949470587075,0.9713000059127808,0.16340254247188568
62,SGD,0.063,200,1.0,0.00037059045280329883,0.9704999923706055,0.17556318640708923
63,SGD,0.064,200,1.0,0.00033958544372580945,0.9686999917030334,0.17662253975868225
64,SGD,0.065,200,1.0,0.0003362715942785144,0.9710000157356262,0.16516943275928497
65,SGD,0.066,200,1.0,0.000333151692757383,0.97079998254776,0.1770382821559906
66,SGD,0.067,200,1.0,0.00032978420495055616,0.9708999991416931,0.15594801306724548
67,SGD,0.068,200,1.0,0.0003062712785322219,0.9714000225067139,0.16015736758708954
68,SGD,0.069,200,1.0,0.0003213280579075217,0.9706000089645386,0.1834099292755127
69,SGD,0.07,200,1.0,0.00030039320699870586,0.9726999998092651,0.16020138561725616
70,SGD,0.07100000000000001,200,1.0,0.00030432207859121263,0.9696999788284302,0.16951051354408264
71,SGD,0.07200000000000001,200,1.0,0.0002867977600544691,0.9710999727249146,0.16377167403697968
72,SGD,0.07300000000000001,200,1.0,0.00027899170527234674,0.9703999757766724,0.1777966469526291
73,SGD,0.074,200,1.0,0.0002698140451684594,0.9692999720573425,0.17819622159004211
74,SGD,0.075,200,1.0,0.00026060824166052043,0.9713000059127808,0.17035135626792908
75,SGD,0.076,200,1.0,0.0002665595384314656,0.9692000150680542,0.1629079133272171
76,SGD,0.077,200,1.0,0.00025590823497623205,0.97079998254776,0.17246006429195404
77,SGD,0.078,200,1.0,0.0002597900456748903,0.972100019454956,0.16720294952392578
78,SGD,0.079,200,1.0,0.00024831024347804487,0.9728999733924866,0.15219666063785553
79,SGD,0.08,200,1.0,0.0002510088379494846,0.9722999930381775,0.16434119641780853
80,SGD,0.081,200,1.0,0.00023405981482937932,0.9710999727249146,0.17791593074798584
81,SGD,0.082,200,1.0,0.00023154474911279976,0.972000002861023,0.16552101075649261
82,SGD,0.083,200,1.0,0.00022304536832962185,0.9702000021934509,0.1720363348722458
83,SGD,0.084,200,1.0,0.0002333792654098943,0.9722999930381775,0.1652531623840332
84,SGD,0.085,200,1.0,0.00022086456010583788,0.9731000065803528,0.14386361837387085
85,SGD,0.08600000000000001,200,1.0,0.00021159389871172607,0.9724000096321106,0.15794678032398224
86,SGD,0.08700000000000001,200,1.0,0.00021662733342964202,0.9726999998092651,0.1577347218990326
87,SGD,0.08800000000000001,200,1.0,0.00020404945826157928,0.9718000292778015,0.17169037461280823
88,SGD,0.089,200,1.0,0.00019826716743409634,0.9711999893188477,0.1656225025653839
89,SGD,0.09,200,1.0,0.0002085845626424998,0.9739999771118164,0.15926794707775116
90,SGD,0.091,200,1.0,0.00019386396161280572,0.9692000150680542,0.17648901045322418
91,SGD,0.092,200,1.0,0.0001943666284205392,0.9715999960899353,0.15833008289337158
92,SGD,0.093,200,1.0,0.00019630376482382417,0.9726999998092651,0.15792877972126007
93,SGD,0.094,200,1.0,0.00019304195302538574,0.9703999757766724,0.17079123854637146
94,SGD,0.095,200,1.0,0.00018639536574482918,0.9725000262260437,0.1556856334209442
95,SGD,0.096,200,1.0,0.00018047053890768439,0.9697999954223633,0.17891646921634674
96,SGD,0.097,200,1.0,0.00018373908824287355,0.9711999893188477,0.162389874458313
97,SGD,0.098,200,1.0,0.0001840902550611645,0.9706000089645386,0.1676585078239441
98,SGD,0.099,200,1.0,0.00017832238518167287,0.9714000225067139,0.17056021094322205
99,SGD,0.1,200,1.0,0.00018012701184488833,0.972000002861023,0.16378773748874664
100,RMSprop,0.001,200,1.0,9.465216388448994e-10,0.9711999893188477,0.5620532631874084
101,RMSprop,0.002,200,1.0,0.0,0.9739999771118164,0.722578763961792
102,RMSprop,0.003,200,0.9998599886894226,0.0010897949105128646,0.9713000059127808,1.1948081254959106
103,RMSprop,0.004,200,0.9997400045394897,0.0023247674107551575,0.9692999720573425,1.5649117231369019
104,RMSprop,0.005,200,0.9996600151062012,0.0030145496129989624,0.9722999930381775,1.7356562614440918
105,RMSprop,0.006,200,0.999180018901825,0.010972529649734497,0.9686999917030334,2.7289297580718994
106,RMSprop,0.007,200,0.9991599917411804,0.00927110854536295,0.9692999720573425,3.6031534671783447
107,RMSprop,0.008,200,0.9993600249290466,0.011118427850306034,0.9700000286102295,3.323580026626587
108,RMSprop,0.009000000000000001,200,0.9982799887657166,0.03915916383266449,0.9660999774932861,5.015226364135742
109,RMSprop,0.010000000000000002,200,0.9902399778366089,0.17750611901283264,0.9639000296592712,8.419759750366211
110,RMSprop,0.011,200,0.9250400066375732,0.41762641072273254,0.9010000228881836,11.364013671875
111,RMSprop,0.012,200,0.8928800225257874,0.4658144414424896,0.8697999715805054,15.157400131225586
112,RMSprop,0.013000000000000001,200,0.8830999732017517,1.2193219661712646,0.8659999966621399,14.077201843261719
113,RMSprop,0.014000000000000002,200,0.8684200048446655,0.4707146883010864,0.8503999710083008,12.813681602478027
114,RMSprop,0.015,200,0.8220800161361694,1.4012868404388428,0.8087000250816345,19.750654220581055
115,RMSprop,0.016,200,0.743179976940155,1.1753015518188477,0.7342000007629395,12.946711540222168
116,RMSprop,0.017,200,0.7648199796676636,1.0082900524139404,0.7556999921798706,15.350796699523926
117,RMSprop,0.018000000000000002,200,0.7414000034332275,0.879852294921875,0.7245000004768372,17.046119689941406
118,RMSprop,0.019000000000000003,200,0.7993599772453308,2.806858539581299,0.7882999777793884,22.96922492980957
119,RMSprop,0.02,200,0.6898999810218811,0.8950508832931519,0.6826000213623047,13.629838943481445
120,RMSprop,0.021,200,0.7247400283813477,0.9118004441261292,0.7164000272750854,14.866928100585938
121,RMSprop,0.022000000000000002,200,0.6323800086975098,1.0518821477890015,0.6279000043869019,10.30710506439209
122,RMSprop,0.023,200,0.6997799873352051,2.365964651107788,0.6966000199317932,17.31695556640625
123,RMSprop,0.024,200,0.6855400204658508,1.3698512315750122,0.6809999942779541,17.41025161743164
124,RMSprop,0.025,200,0.624239981174469,1.159255862236023,0.6204000115394592,10.909852027893066
125,RMSprop,0.026000000000000002,200,0.6537799835205078,1.0444915294647217,0.6547999978065491,13.110493659973145
126,RMSprop,0.027000000000000003,200,0.6525400280952454,3.0874266624450684,0.6521000266075134,13.965715408325195
127,RMSprop,0.028,200,0.6252999901771545,8.001667022705078,0.6247000098228455,19.775239944458008
128,RMSprop,0.029,200,0.5590800046920776,1.323835015296936,0.5622000098228455,12.756539344787598
129,RMSprop,0.030000000000000002,200,0.5984799861907959,1.1705222129821777,0.6049000024795532,11.11404800415039
130,RMSprop,0.031,200,0.6260600090026855,1.2453891038894653,0.6270999908447266,9.108716011047363
131,RMSprop,0.032,200,0.5819600224494934,1.4979236125946045,0.5788000226020813,20.203269958496094
132,RMSprop,0.033,200,0.5564200282096863,1.2660263776779175,0.5566999912261963,13.091099739074707
133,RMSprop,0.034,200,0.5589799880981445,1.5625755786895752,0.5580000281333923,14.575966835021973
134,RMSprop,0.035,200,0.5809999704360962,1.5815579891204834,0.578000009059906,17.476043701171875
135,RMSprop,0.036000000000000004,200,0.5202800035476685,1.291586995124817,0.5268999934196472,12.439449310302734
136,RMSprop,0.037000000000000005,200,0.6061999797821045,1.3561655282974243,0.6087999939918518,12.117527961730957
137,RMSprop,0.038,200,0.5290799736976624,1.2748825550079346,0.5223000049591064,13.761393547058105
138,RMSprop,0.039,200,0.5386999845504761,3.24348783493042,0.5371000170707703,27.066974639892578
139,RMSprop,0.04,200,0.858780026435852,0.7643322944641113,0.8360000252723694,7.63720178604126
140,RMSprop,0.041,200,0.5686399936676025,1.2294807434082031,0.559499979019165,10.392117500305176
141,RMSprop,0.042,200,0.5297600030899048,1.3076612949371338,0.5307000279426575,10.935661315917969
142,RMSprop,0.043000000000000003,200,0.5598599910736084,1.6539610624313354,0.5575000047683716,11.803736686706543
143,RMSprop,0.044000000000000004,200,0.9025599956512451,0.4783194661140442,0.8791000247001648,5.8856048583984375
144,RMSprop,0.045,200,0.9083200097084045,0.5019133687019348,0.8859999775886536,6.951327323913574
145,RMSprop,0.046,200,0.4283599853515625,1.5041712522506714,0.4296000003814697,8.148362159729004
146,RMSprop,0.047,200,0.8465999960899353,0.6995788812637329,0.8289999961853027,8.040399551391602
147,RMSprop,0.048,200,0.791159987449646,0.7426757216453552,0.7724999785423279,9.52927303314209
148,RMSprop,0.049,200,0.9026399850845337,0.6653989553451538,0.8781999945640564,10.705097198486328
149,RMSprop,0.05,200,0.869920015335083,0.5035185813903809,0.8489000201225281,6.358462810516357
150,RMSprop,0.051000000000000004,200,0.4330199956893921,1.540350317955017,0.428600013256073,5.083784580230713
151,RMSprop,0.052000000000000005,200,0.45906001329421997,1.460952639579773,0.460999995470047,2.938422679901123
152,RMSprop,0.053000000000000005,200,0.6366400122642517,1.8801602125167847,0.6226000189781189,7.055123329162598
153,RMSprop,0.054,200,0.8148199915885925,0.744864821434021,0.7990999817848206,9.707313537597656
154,RMSprop,0.055,200,0.8854399919509888,0.5333670973777771,0.8641999959945679,7.59839391708374
155,RMSprop,0.056,200,0.8888999819755554,0.5659224390983582,0.8646000027656555,6.740475177764893
156,RMSprop,0.057,200,0.8705000281333923,0.5795596837997437,0.8568999767303467,7.4783477783203125
157,RMSprop,0.058,200,0.365119993686676,1.8630633354187012,0.37119999527931213,3.334291696548462
158,RMSprop,0.059000000000000004,200,0.49432000517845154,1.5174976587295532,0.49720001220703125,17.54621696472168
159,RMSprop,0.060000000000000005,200,0.6439200043678284,1.1753429174423218,0.6251000165939331,15.124159812927246
160,RMSprop,0.061,200,0.476639986038208,2.0116899013519287,0.48069998621940613,14.260309219360352
161,RMSprop,0.062,200,0.4289200007915497,1.558842658996582,0.4259999990463257,6.34577751159668
162,RMSprop,0.063,200,0.5214400291442871,1.341290831565857,0.5216000080108643,9.014067649841309
163,RMSprop,0.064,200,0.6881200075149536,0.9366446137428284,0.6830000281333923,9.78348159790039
164,RMSprop,0.065,200,0.8597400188446045,0.6424474716186523,0.8450000286102295,5.7132368087768555
165,RMSprop,0.066,200,0.6137199997901917,0.9758749008178711,0.5996000170707703,3.5479018688201904
166,RMSprop,0.067,200,0.44251999258995056,2.1762218475341797,0.4449000060558319,9.486409187316895
167,RMSprop,0.068,200,0.593280017375946,2.435572862625122,0.6049000024795532,13.197341918945312
168,RMSprop,0.069,200,0.7617999911308289,0.7943350672721863,0.741599977016449,5.620573043823242
169,RMSprop,0.07,200,0.7662400007247925,0.9589952230453491,0.7537000179290771,5.389248371124268
170,RMSprop,0.07100000000000001,200,0.6433799862861633,1.1651846170425415,0.6254000067710876,9.715822219848633
171,RMSprop,0.07200000000000001,200,0.7500399947166443,1.314373254776001,0.7390999794006348,4.634692668914795
172,RMSprop,0.07300000000000001,200,0.5838599801063538,1.3809785842895508,0.5794000029563904,4.301475524902344
173,RMSprop,0.074,200,0.6423799991607666,1.1374098062515259,0.6211000084877014,10.618258476257324
174,RMSprop,0.075,200,0.5090799927711487,1.4267256259918213,0.5054000020027161,4.221631050109863
175,RMSprop,0.076,200,0.7327799797058105,0.7807636857032776,0.7253000140190125,8.118720054626465
176,RMSprop,0.077,200,0.6396600008010864,1.077620506286621,0.6367999911308289,8.491128921508789
177,RMSprop,0.078,200,0.7254800200462341,1.0833700895309448,0.7200999855995178,12.426584243774414
178,RMSprop,0.079,200,0.5994799733161926,1.0740052461624146,0.59579998254776,5.653908729553223
179,RMSprop,0.08,200,0.3693599998950958,1.565038800239563,0.37049999833106995,1.858775019645691
180,RMSprop,0.081,200,0.6786400079727173,1.186910629272461,0.657800018787384,6.151736259460449
181,RMSprop,0.082,200,0.6158599853515625,1.1506624221801758,0.6183000206947327,3.8954148292541504
182,RMSprop,0.083,200,0.38166001439094543,1.5636577606201172,0.37549999356269836,6.4123005867004395
183,RMSprop,0.084,200,0.33153998851776123,1.6028629541397095,0.3271999955177307,7.309046745300293
184,RMSprop,0.085,200,0.4939199984073639,1.26885986328125,0.4966000020503998,5.453300476074219
185,RMSprop,0.08600000000000001,200,0.5134999752044678,1.531707763671875,0.5182999968528748,8.871076583862305
186,RMSprop,0.08700000000000001,200,0.6407399773597717,1.3065623044967651,0.6334999799728394,8.226347923278809
187,RMSprop,0.08800000000000001,200,0.4203599989414215,1.4280915260314941,0.414000004529953,3.0065791606903076
188,RMSprop,0.089,200,0.6143400073051453,1.052585244178772,0.6068999767303467,12.193602561950684
189,RMSprop,0.09,200,0.5302600264549255,1.3428229093551636,0.5241000056266785,9.553250312805176
190,RMSprop,0.091,200,0.25745999813079834,1.7446833848953247,0.25380000472068787,2.242527723312378
191,RMSprop,0.092,200,0.5207200050354004,1.2358627319335938,0.5163000226020813,4.488765716552734
192,RMSprop,0.093,200,0.3428800106048584,1.6023786067962646,0.33980000019073486,8.061409950256348
193,RMSprop,0.094,200,0.6192600131034851,1.0481809377670288,0.607699990272522,6.989229679107666
194,RMSprop,0.095,200,0.46573999524116516,1.7160648107528687,0.46050000190734863,9.317886352539062
195,RMSprop,0.096,200,0.6168799996376038,1.1960699558258057,0.6093999743461609,20.2412166595459
196,RMSprop,0.097,200,0.25446000695228577,1.7087280750274658,0.24779999256134033,4.875892162322998
197,RMSprop,0.098,200,0.18926000595092773,1.9273067712783813,0.19189999997615814,1.9036353826522827
198,RMSprop,0.099,200,0.29082000255584717,1.7254717350006104,0.29350000619888306,1.7477571964263916
199,RMSprop,0.1,200,0.5616999864578247,1.2942922115325928,0.559499979019165,10.457602500915527
200,Adam,0.001,200,1.0,3.238723422782641e-07,0.9724000096321106,0.3437645137310028
201,Adam,0.002,200,0.9995800256729126,0.0025549381971359253,0.9733999967575073,0.5143343806266785
202,Adam,0.003,200,0.9988600015640259,0.007851977832615376,0.9724000096321106,1.0324480533599854
203,Adam,0.004,200,0.9990599751472473,0.008772311732172966,0.9728999733924866,1.2775330543518066
204,Adam,0.005,200,0.9987999796867371,0.01827296055853367,0.9728999733924866,1.6589031219482422
205,Adam,0.006,200,0.9988999962806702,0.014264075085520744,0.9728999733924866,1.5187734365463257
206,Adam,0.007,200,0.997759997844696,0.02713087946176529,0.9689000248908997,1.566807746887207
207,Adam,0.008,200,0.9946600198745728,0.08501892536878586,0.9645000100135803,1.9502259492874146
208,Adam,0.009000000000000001,200,0.9955999851226807,0.0239546075463295,0.9679999947547913,1.403891921043396
209,Adam,0.010000000000000002,200,0.9963799715042114,0.02156483568251133,0.9672999978065491,1.489555835723877
210,Adam,0.011,200,0.995140016078949,0.03402804583311081,0.9682000279426575,1.833976149559021
211,Adam,0.012,200,0.9926000237464905,0.02945435233414173,0.9614999890327454,1.8120579719543457
212,Adam,0.013000000000000001,200,0.9912400245666504,0.05494922399520874,0.9627000093460083,1.9512499570846558
213,Adam,0.014000000000000002,200,0.9890000224113464,0.04440384730696678,0.9578999876976013,1.6606097221374512
214,Adam,0.015,200,0.9908000230789185,0.03761092200875282,0.9591000080108643,1.5145995616912842
215,Adam,0.016,200,0.9886400103569031,0.08065574616193771,0.9617999792098999,1.8810584545135498
216,Adam,0.017,200,0.9847400188446045,0.06946913152933121,0.9581999778747559,2.0643868446350098
217,Adam,0.018000000000000002,200,0.9858999848365784,0.043863434344530106,0.9562000036239624,2.063258409500122
218,Adam,0.019000000000000003,200,0.980679988861084,0.08587031066417694,0.9534000158309937,2.5734987258911133
219,Adam,0.02,200,0.9732199907302856,0.10354161262512207,0.9455999732017517,2.1986477375030518
220,Adam,0.021,200,0.9776800274848938,0.08321493119001389,0.9487000107765198,2.2916104793548584
221,Adam,0.022000000000000002,200,0.946619987487793,0.22724519670009613,0.9228000044822693,2.065842628479004
222,Adam,0.023,200,0.9850999712944031,0.07368189841508865,0.9544000029563904,2.0723252296447754
223,Adam,0.024,200,0.9825999736785889,0.08516619354486465,0.9532999992370605,1.4308149814605713
224,Adam,0.025,200,0.9729200005531311,0.11209326982498169,0.9417999982833862,2.49070405960083
225,Adam,0.026000000000000002,200,0.9726600050926208,0.09060990065336227,0.9447000026702881,2.4794864654541016
226,Adam,0.027000000000000003,200,0.9747200012207031,0.07904879003763199,0.9453999996185303,2.3503758907318115
227,Adam,0.028,200,0.9722999930381775,0.10660123825073242,0.9448000192642212,2.361236810684204
228,Adam,0.029,200,0.9509199857711792,0.1573380082845688,0.9200999736785889,1.8315004110336304
229,Adam,0.030000000000000002,200,0.9629999995231628,0.13297270238399506,0.9309999942779541,2.0672104358673096
230,Adam,0.031,200,0.968940019607544,0.17461159825325012,0.9387000203132629,2.287217378616333
231,Adam,0.032,200,0.9735400080680847,0.08827710896730423,0.9412999749183655,1.6463470458984375
232,Adam,0.033,200,0.9688599705696106,0.12419705092906952,0.9398000240325928,2.229536771774292
233,Adam,0.034,200,0.9551799893379211,0.15209461748600006,0.9258000254631042,1.577520728111267
234,Adam,0.035,200,0.951259970664978,0.20465990900993347,0.9280999898910522,1.7387967109680176
235,Adam,0.036000000000000004,200,0.9643599987030029,0.13525237143039703,0.9358000159263611,2.038179397583008
236,Adam,0.037000000000000005,200,0.961899995803833,0.14139467477798462,0.933899998664856,0.8867003917694092
237,Adam,0.038,200,0.9576799869537354,0.13799884915351868,0.9276000261306763,1.64554762840271
238,Adam,0.039,200,0.9549999833106995,0.15582053363323212,0.9301000237464905,1.1907408237457275
239,Adam,0.04,200,0.9409400224685669,0.24355565011501312,0.9125999808311462,1.4406179189682007
240,Adam,0.041,200,0.9638400077819824,0.1427062451839447,0.9383000135421753,1.7606993913650513
241,Adam,0.042,200,0.9531199932098389,0.1753995716571808,0.9275000095367432,1.939970850944519
242,Adam,0.043000000000000003,200,0.9369000196456909,0.2449580878019333,0.9124000072479248,1.3854811191558838
243,Adam,0.044000000000000004,200,0.944100022315979,0.2315382957458496,0.9236000180244446,1.711401343345642
244,Adam,0.045,200,0.9477199912071228,0.2627931535243988,0.9264000058174133,1.2142876386642456
245,Adam,0.046,200,0.9389200210571289,0.21922414004802704,0.9129999876022339,1.3608956336975098
246,Adam,0.047,200,0.9456999897956848,0.2684742212295532,0.9262999892234802,1.5480235815048218
247,Adam,0.048,200,0.9405400156974792,0.23942404985427856,0.9168999791145325,2.2290048599243164
248,Adam,0.049,200,0.9506999850273132,0.20076335966587067,0.9232000112533569,2.2520573139190674
249,Adam,0.05,200,0.8461800217628479,0.40668320655822754,0.8220000267028809,1.6241836547851562
250,Adam,0.051000000000000004,200,0.929099977016449,0.26796627044677734,0.9103000164031982,1.7405775785446167
251,Adam,0.052000000000000005,200,0.8311600089073181,0.41782742738723755,0.8131999969482422,1.132739543914795
252,Adam,0.053000000000000005,200,0.9026399850845337,0.35576313734054565,0.8797000050544739,3.3823039531707764
253,Adam,0.054,200,0.8169400095939636,0.5648581385612488,0.7972000241279602,2.663235664367676
254,Adam,0.055,200,0.733299970626831,0.653667151927948,0.7185999751091003,4.389566421508789
255,Adam,0.056,200,0.8392400145530701,0.5094032883644104,0.8255000114440918,1.754944086074829
256,Adam,0.057,200,0.9262800216674805,0.3313879370689392,0.9103000164031982,2.3704304695129395
257,Adam,0.058,200,0.7261800169944763,0.7752577066421509,0.7186999917030334,3.401625394821167
258,Adam,0.059000000000000004,200,0.9069600105285645,0.41740745306015015,0.8902000188827515,1.8429830074310303
259,Adam,0.060000000000000005,200,0.8299400210380554,0.4933241903781891,0.8076000213623047,1.3907041549682617
260,Adam,0.061,200,0.465939998626709,1.2077536582946777,0.46639999747276306,1.7995483875274658
261,Adam,0.062,200,0.44190001487731934,1.2521733045578003,0.4390999972820282,1.8128873109817505
262,Adam,0.063,200,0.6420800089836121,0.8406773209571838,0.633400022983551,2.967130422592163
263,Adam,0.064,200,0.5708400011062622,0.9554606080055237,0.5630000233650208,1.7580562829971313
264,Adam,0.065,200,0.6638399958610535,0.7560467720031738,0.6549000144004822,1.9621957540512085
265,Adam,0.066,200,0.7723199725151062,0.6008763313293457,0.7576000094413757,2.0847105979919434
266,Adam,0.067,200,0.5590999722480774,1.037341594696045,0.5569000244140625,1.5809588432312012
267,Adam,0.068,200,0.35214000940322876,1.542573094367981,0.3531999886035919,3.590993642807007
268,Adam,0.069,200,0.5642399787902832,1.0825698375701904,0.5623000264167786,3.156221866607666
269,Adam,0.07,200,0.3838199973106384,1.365323543548584,0.3783999979496002,2.239900827407837
270,Adam,0.07100000000000001,200,0.3864400088787079,1.4317727088928223,0.37940001487731934,2.123960256576538
271,Adam,0.07200000000000001,200,0.45131999254226685,1.2205499410629272,0.4433000087738037,2.435499668121338
272,Adam,0.07300000000000001,200,0.4647800028324127,1.2533276081085205,0.4627000093460083,1.7494683265686035
273,Adam,0.074,200,0.2084600031375885,1.7823660373687744,0.20839999616146088,1.7913763523101807
274,Adam,0.075,200,0.3887600004673004,1.352117657661438,0.3864000141620636,1.5970126390457153
275,Adam,0.076,200,0.28911998867988586,1.6743677854537964,0.29249998927116394,2.9352071285247803
276,Adam,0.077,200,0.3924599885940552,1.3387290239334106,0.3928000032901764,1.8198519945144653
277,Adam,0.078,200,0.18223999440670013,1.8476200103759766,0.18729999661445618,1.8413079977035522
278,Adam,0.079,200,0.3699600100517273,1.4849531650543213,0.3741999864578247,1.9214249849319458
279,Adam,0.08,200,0.3008800148963928,1.5582778453826904,0.30169999599456787,1.850571632385254
280,Adam,0.081,200,0.299699991941452,1.6547163724899292,0.3003000020980835,1.7759201526641846
281,Adam,0.082,200,0.2994599938392639,1.544600486755371,0.2946999967098236,1.8240835666656494
282,Adam,0.083,200,0.46171998977661133,1.2435663938522339,0.4634999930858612,1.8247002363204956
283,Adam,0.084,200,0.21928000450134277,1.8695423603057861,0.2206999957561493,1.8596386909484863
284,Adam,0.085,200,0.3031800091266632,1.5347639322280884,0.3012000024318695,2.697129249572754
285,Adam,0.08600000000000001,200,0.5037199854850769,1.1248658895492554,0.5011000037193298,2.0200183391571045
286,Adam,0.08700000000000001,200,0.18501999974250793,1.8472422361373901,0.18709999322891235,1.8423923254013062
287,Adam,0.08800000000000001,200,0.20051999390125275,1.8769162893295288,0.19740000367164612,1.87922203540802
288,Adam,0.089,200,0.2039799988269806,1.805737853050232,0.2092999964952469,1.8106820583343506
289,Adam,0.09,200,0.30024001002311707,1.709708333015442,0.30399999022483826,2.7063815593719482
290,Adam,0.091,200,0.19407999515533447,1.8489502668380737,0.19660000503063202,1.853685975074768
291,Adam,0.092,200,0.20951999723911285,1.8069126605987549,0.20919999480247498,1.7999812364578247
292,Adam,0.093,200,0.2132599949836731,1.8284212350845337,0.21089999377727509,1.8237472772598267
293,Adam,0.094,200,0.28450000286102295,1.6017682552337646,0.28299999237060547,2.0184879302978516
294,Adam,0.095,200,0.1934799998998642,1.8196767568588257,0.1931000053882599,1.8108460903167725
295,Adam,0.096,200,0.3597399890422821,1.4745632410049438,0.3578999936580658,2.5976147651672363
296,Adam,0.097,200,0.2090200036764145,1.8231476545333862,0.20919999480247498,1.8150466680526733
297,Adam,0.098,200,0.1842000037431717,1.867625117301941,0.1907999962568283,1.8605289459228516
298,Adam,0.099,200,0.29179999232292175,1.5611016750335693,0.29440000653266907,1.6810722351074219
299,Adam,0.1,200,0.19529999792575836,1.8618909120559692,0.19550000131130219,1.8669769763946533
300,Adagrad,0.001,200,0.9375200271606445,0.21803003549575806,0.9362000226974487,0.22407685220241547
301,Adagrad,0.002,200,0.9613000154495239,0.1371050924062729,0.9539999961853027,0.15755201876163483
302,Adagrad,0.003,200,0.9723799824714661,0.09883669763803482,0.963100016117096,0.1271175891160965
303,Adagrad,0.004,200,0.9799000024795532,0.07279755920171738,0.9646999835968018,0.11187397688627243
304,Adagrad,0.005,200,0.9846000075340271,0.059394657611846924,0.9661999940872192,0.10699477791786194
305,Adagrad,0.006,200,0.9886599779129028,0.04609735682606697,0.9682999849319458,0.10395390540361404
306,Adagrad,0.007,200,0.9916200041770935,0.03674294799566269,0.9695000052452087,0.10179127007722855
307,Adagrad,0.008,200,0.9933000206947327,0.03144023194909096,0.970300018787384,0.10131274908781052
308,Adagrad,0.009000000000000001,200,0.9956200122833252,0.022697407752275467,0.9692000150680542,0.10044816881418228
309,Adagrad,0.010000000000000002,200,0.997160017490387,0.01850125566124916,0.9693999886512756,0.10325123369693756
310,Adagrad,0.011,200,0.9983199834823608,0.014227790758013725,0.972100019454956,0.10264983773231506
311,Adagrad,0.012,200,0.9991999864578247,0.010899190790951252,0.9713000059127808,0.10802048444747925
312,Adagrad,0.013000000000000001,200,0.9991400241851807,0.010264864191412926,0.9699000120162964,0.11418557167053223
313,Adagrad,0.014000000000000002,200,0.9996200203895569,0.007498577702790499,0.9718000292778015,0.11044322699308395
314,Adagrad,0.015,200,0.9998000264167786,0.006186954211443663,0.9724000096321106,0.10802426934242249
315,Adagrad,0.016,200,0.9997199773788452,0.005718663800507784,0.9703999757766724,0.11870965361595154
316,Adagrad,0.017,200,0.9998999834060669,0.0048030223697423935,0.972100019454956,0.11344466358423233
317,Adagrad,0.018000000000000002,200,0.9999799728393555,0.0033535538241267204,0.9728000164031982,0.11441595107316971
318,Adagrad,0.019000000000000003,200,0.9999600052833557,0.003814867464825511,0.9695000052452087,0.13227777183055878
319,Adagrad,0.02,200,0.9999799728393555,0.0030601986218243837,0.9725000262260437,0.1147659420967102
320,Adagrad,0.021,200,1.0,0.0027092513628304005,0.9700000286102295,0.12809166312217712
321,Adagrad,0.022000000000000002,200,1.0,0.0022152704186737537,0.9713000059127808,0.1319601833820343
322,Adagrad,0.023,200,1.0,0.0018948845099657774,0.9728000164031982,0.12711362540721893
323,Adagrad,0.024,200,1.0,0.0015907343477010727,0.9732999801635742,0.12183059006929398
324,Adagrad,0.025,200,1.0,0.0017490467289462686,0.968999981880188,0.1371731460094452
325,Adagrad,0.026000000000000002,200,1.0,0.0014029399026185274,0.9718999862670898,0.12712538242340088
326,Adagrad,0.027000000000000003,200,1.0,0.001126214163377881,0.9733999967575073,0.12044242024421692
327,Adagrad,0.028,200,1.0,0.0010710671776905656,0.9710999727249146,0.13825757801532745
328,Adagrad,0.029,200,1.0,0.0010778523283079267,0.9729999899864197,0.13378694653511047
329,Adagrad,0.030000000000000002,200,1.0,0.000897239544428885,0.9714000225067139,0.14410614967346191
330,Adagrad,0.031,200,1.0,0.0009855395182967186,0.9725000262260437,0.13936352729797363
331,Adagrad,0.032,200,1.0,0.0007746547926217318,0.9708999991416931,0.1394873559474945
332,Adagrad,0.033,200,1.0,0.0009543574997223914,0.9708999991416931,0.15344363451004028
333,Adagrad,0.034,200,1.0,0.0007163851987570524,0.9714999794960022,0.14220201969146729
334,Adagrad,0.035,200,1.0,0.0006773126078769565,0.9722999930381775,0.13831982016563416
335,Adagrad,0.036000000000000004,200,1.0,0.0006149812834337354,0.972599983215332,0.1463935375213623
336,Adagrad,0.037000000000000005,200,1.0,0.0007043989025987685,0.9710000157356262,0.13749083876609802
337,Adagrad,0.038,200,1.0,0.0005618830909952521,0.9735000133514404,0.14169079065322876
338,Adagrad,0.039,200,1.0,0.0005123878363519907,0.9725000262260437,0.14904889464378357
339,Adagrad,0.04,200,1.0,0.0005266661755740643,0.9700999855995178,0.16137859225273132
340,Adagrad,0.041,200,1.0,0.0004629765753634274,0.9733999967575073,0.14692968130111694
341,Adagrad,0.042,200,1.0,0.0004241538990754634,0.972000002861023,0.14728482067584991
342,Adagrad,0.043000000000000003,200,1.0,0.0004601005057338625,0.9696999788284302,0.15730434656143188
343,Adagrad,0.044000000000000004,200,1.0,0.0004115104675292969,0.9713000059127808,0.14553329348564148
344,Adagrad,0.045,200,1.0,0.00035294448025524616,0.9729999899864197,0.1375795304775238
345,Adagrad,0.046,200,1.0,0.0003701848618220538,0.9721999764442444,0.1474529355764389
346,Adagrad,0.047,200,1.0,0.00035417292383499444,0.9711999893188477,0.15541598200798035
347,Adagrad,0.048,200,1.0,0.00034844971378333867,0.9731000065803528,0.14813202619552612
348,Adagrad,0.049,200,1.0,0.0002973656519316137,0.9726999998092651,0.15045925974845886
349,Adagrad,0.05,200,1.0,0.0002988633350469172,0.9717000126838684,0.15388759970664978
350,Adagrad,0.051000000000000004,200,1.0,0.00027109854272566736,0.9733999967575073,0.15546847879886627
351,Adagrad,0.052000000000000005,200,1.0,0.00026558764511719346,0.9717000126838684,0.15243886411190033
352,Adagrad,0.053000000000000005,200,1.0,0.0002535311214160174,0.9715999960899353,0.15918320417404175
353,Adagrad,0.054,200,1.0,0.0002710608532652259,0.9736999869346619,0.1444881558418274
354,Adagrad,0.055,200,1.0,0.0002745813108049333,0.9718000292778015,0.16638875007629395
355,Adagrad,0.056,200,1.0,0.00023867843265179545,0.9739999771118164,0.14611506462097168
356,Adagrad,0.057,200,1.0,0.0002543903246987611,0.9718999862670898,0.15881580114364624
357,Adagrad,0.058,200,1.0,0.00024412183847744018,0.9708999991416931,0.16326241195201874
358,Adagrad,0.059000000000000004,200,1.0,0.0001999013329623267,0.9713000059127808,0.17322655022144318
359,Adagrad,0.060000000000000005,200,1.0,0.00019630343012977391,0.9714000225067139,0.16534174978733063
360,Adagrad,0.061,200,1.0,0.00022787414491176605,0.9715999960899353,0.1502552628517151
361,Adagrad,0.062,200,1.0,0.00018526570056565106,0.9743000268936157,0.1438097208738327
362,Adagrad,0.063,200,1.0,0.00018220554920844734,0.9749000072479248,0.15292231738567352
363,Adagrad,0.064,200,1.0,0.00018170135444961488,0.9729999899864197,0.1538761407136917
364,Adagrad,0.065,200,1.0,0.000195603453903459,0.970300018787384,0.16809582710266113
365,Adagrad,0.066,200,1.0,0.00018142683256883174,0.972100019454956,0.1687370091676712
366,Adagrad,0.067,200,1.0,0.0001715852995403111,0.9722999930381775,0.16616781055927277
367,Adagrad,0.068,200,1.0,0.00016901212802622467,0.9733999967575073,0.16010117530822754
368,Adagrad,0.069,200,1.0,0.00016284362936858088,0.9722999930381775,0.15763981640338898
369,Adagrad,0.07,200,1.0,0.0001693601079750806,0.9745000004768372,0.15298303961753845
370,Adagrad,0.07100000000000001,200,1.0,0.0001594334316905588,0.9728999733924866,0.16617554426193237
371,Adagrad,0.07200000000000001,200,1.0,0.00015585930668748915,0.9732000231742859,0.15670372545719147
372,Adagrad,0.07300000000000001,200,1.0,0.0001518840726930648,0.9735000133514404,0.14781692624092102
373,Adagrad,0.074,200,1.0,0.00014047833974473178,0.9731000065803528,0.16267742216587067
374,Adagrad,0.075,200,1.0,0.00014812726294621825,0.972599983215332,0.15545497834682465
375,Adagrad,0.076,200,1.0,0.0001329284132225439,0.9731000065803528,0.16061462461948395
376,Adagrad,0.077,200,1.0,0.00013311779184732586,0.972599983215332,0.1570073962211609
377,Adagrad,0.078,200,1.0,0.00013488592230714858,0.9733999967575073,0.14769093692302704
378,Adagrad,0.079,200,1.0,0.0001247613108716905,0.9733999967575073,0.16033293306827545
379,Adagrad,0.08,200,1.0,0.00013597407087218016,0.97079998254776,0.16705143451690674
380,Adagrad,0.081,200,1.0,0.00012499540753196925,0.9708999991416931,0.1776033639907837
381,Adagrad,0.082,200,1.0,0.00011573205847525969,0.9735999703407288,0.15492595732212067
382,Adagrad,0.083,200,1.0,0.00012382245040498674,0.9736999869346619,0.15633197128772736
383,Adagrad,0.084,200,1.0,0.00011275480210315436,0.972599983215332,0.17008467018604279
384,Adagrad,0.085,200,1.0,0.00011423040268709883,0.9736999869346619,0.16179192066192627
385,Adagrad,0.08600000000000001,200,1.0,0.00011261337203904986,0.973800003528595,0.1580411195755005
386,Adagrad,0.08700000000000001,200,1.0,0.00010678184480639175,0.9743000268936157,0.15639713406562805
387,Adagrad,0.08800000000000001,200,1.0,0.00011352699220879003,0.9743000268936157,0.1679186224937439
388,Adagrad,0.089,200,1.0,0.00010914841550402343,0.973800003528595,0.16269931197166443
389,Adagrad,0.09,200,1.0,0.00010374814155511558,0.9731000065803528,0.15795348584651947
390,Adagrad,0.091,200,1.0,9.739675442688167e-05,0.9739999771118164,0.15387669205665588
391,Adagrad,0.092,200,1.0,9.546727233100682e-05,0.973800003528595,0.1526438295841217
392,Adagrad,0.093,200,1.0,9.683558164397255e-05,0.9733999967575073,0.174091637134552
393,Adagrad,0.094,200,1.0,9.192607103614137e-05,0.9739000201225281,0.1569717675447464
394,Adagrad,0.095,200,1.0,9.611302084522322e-05,0.9718000292778015,0.16330701112747192
395,Adagrad,0.096,200,1.0,9.0983827249147e-05,0.973800003528595,0.16709019243717194
396,Adagrad,0.097,200,1.0,8.668570808367804e-05,0.9750999808311462,0.14889806509017944
397,Adagrad,0.098,200,1.0,8.808916754787788e-05,0.9750000238418579,0.15552426874637604
398,Adagrad,0.099,200,1.0,8.932706987252459e-05,0.9733999967575073,0.15747873485088348
399,Adagrad,0.1,200,1.0,7.974833715707064e-05,0.9739000201225281,0.16568470001220703
400,Adadelta,0.001,200,0.8923599720001221,0.3861880898475647,0.9010000228881836,0.37093839049339294
401,Adadelta,0.002,200,0.9116399884223938,0.3096293807029724,0.9164000153541565,0.2977476716041565
402,Adadelta,0.003,200,0.9266800284385681,0.25632068514823914,0.9266999959945679,0.25639963150024414
403,Adadelta,0.004,200,0.9342600107192993,0.2269778847694397,0.9345999956130981,0.22735373675823212
404,Adadelta,0.005,200,0.9370999932289124,0.2192777544260025,0.9347000122070312,0.22350507974624634
405,Adadelta,0.006,200,0.9451799988746643,0.1899077296257019,0.9430000185966492,0.1946796178817749
406,Adadelta,0.007,200,0.9479600191116333,0.17805889248847961,0.9452999830245972,0.1885388195514679
407,Adadelta,0.008,200,0.9506400227546692,0.17111468315124512,0.9466999769210815,0.1863744705915451
408,Adadelta,0.009000000000000001,200,0.9531599879264832,0.1612115204334259,0.9460999965667725,0.17548201978206635
409,Adadelta,0.010000000000000002,200,0.955560028553009,0.15323051810264587,0.9480000138282776,0.17019283771514893
410,Adadelta,0.011,200,0.9607999920845032,0.13560344278812408,0.954200029373169,0.1557091623544693
411,Adadelta,0.012,200,0.9613999724388123,0.13462486863136292,0.954200029373169,0.1516086608171463
412,Adadelta,0.013000000000000001,200,0.9615399837493896,0.132857546210289,0.9553999900817871,0.1521783173084259
413,Adadelta,0.014000000000000002,200,0.9680600166320801,0.11115016788244247,0.9595999717712402,0.13235099613666534
414,Adadelta,0.015,200,0.9674599766731262,0.11015362292528152,0.9599999785423279,0.13604691624641418
415,Adadelta,0.016,200,0.9693800210952759,0.10684320330619812,0.9607999920845032,0.1338197886943817
416,Adadelta,0.017,200,0.9701799750328064,0.10325992852449417,0.9606999754905701,0.12794895470142365
417,Adadelta,0.018000000000000002,200,0.9704999923706055,0.10321088880300522,0.960099995136261,0.1298701912164688
418,Adadelta,0.019000000000000003,200,0.9723399877548218,0.09631466120481491,0.9635999798774719,0.12712420523166656
419,Adadelta,0.02,200,0.9756399989128113,0.08642346411943436,0.9639999866485596,0.11875877529382706
420,Adadelta,0.021,200,0.973800003528595,0.09133712202310562,0.9645000100135803,0.12478481233119965
421,Adadelta,0.022000000000000002,200,0.9760000109672546,0.0856989175081253,0.9635000228881836,0.12002676725387573
422,Adadelta,0.023,200,0.9777399897575378,0.0807197242975235,0.9642000198364258,0.12052331864833832
423,Adadelta,0.024,200,0.9763200283050537,0.08288940787315369,0.9627000093460083,0.12146470695734024
424,Adadelta,0.025,200,0.9799399971961975,0.07287765294313431,0.9674000144004822,0.10878046602010727
425,Adadelta,0.026000000000000002,200,0.9797599911689758,0.07224768400192261,0.9664000272750854,0.10984146595001221
426,Adadelta,0.027000000000000003,200,0.97843998670578,0.0760364681482315,0.9652000069618225,0.1126256138086319
427,Adadelta,0.028,200,0.9821599721908569,0.06541534513235092,0.968500018119812,0.1066017672419548
428,Adadelta,0.029,200,0.9812600016593933,0.06667829304933548,0.9663000106811523,0.11077337712049484
429,Adadelta,0.030000000000000002,200,0.9807199835777283,0.06817924976348877,0.9671000242233276,0.11022697389125824
430,Adadelta,0.031,200,0.9826599955558777,0.06307659298181534,0.9686999917030334,0.10705815255641937
431,Adadelta,0.032,200,0.984220027923584,0.059105731546878815,0.9690999984741211,0.10113462060689926
432,Adadelta,0.033,200,0.9831200242042542,0.06231413036584854,0.9674000144004822,0.10687097162008286
433,Adadelta,0.034,200,0.9857000112533569,0.05398658663034439,0.9685999751091003,0.10179433226585388
434,Adadelta,0.035,200,0.984279990196228,0.057528529316186905,0.9689000248908997,0.10847436636686325
435,Adadelta,0.036000000000000004,200,0.9847000241279602,0.057428885251283646,0.9670000076293945,0.10339207947254181
436,Adadelta,0.037000000000000005,200,0.986519992351532,0.051770828664302826,0.9688000082969666,0.10220091044902802
437,Adadelta,0.038,200,0.9882000088691711,0.04689768701791763,0.9699000120162964,0.10082118213176727
438,Adadelta,0.039,200,0.987500011920929,0.04648478701710701,0.9703999757766724,0.09355767071247101
439,Adadelta,0.04,200,0.9863399863243103,0.04958431050181389,0.9693999886512756,0.10285687446594238
440,Adadelta,0.041,200,0.989080011844635,0.04231228679418564,0.9713000059127808,0.09999661147594452
441,Adadelta,0.042,200,0.9882000088691711,0.045475833117961884,0.97079998254776,0.10326603800058365
442,Adadelta,0.043000000000000003,200,0.9878799915313721,0.04607666656374931,0.9696999788284302,0.10320860892534256
443,Adadelta,0.044000000000000004,200,0.9874799847602844,0.04745998606085777,0.9679999947547913,0.10699156671762466
444,Adadelta,0.045,200,0.9892600178718567,0.041887134313583374,0.9710000157356262,0.09991901367902756
445,Adadelta,0.046,200,0.9889000058174133,0.044074647128582,0.9693999886512756,0.10518891364336014
446,Adadelta,0.047,200,0.9889000058174133,0.04271717369556427,0.9696000218391418,0.1021314486861229
447,Adadelta,0.048,200,0.990559995174408,0.03804691135883331,0.9692999720573425,0.10303428769111633
448,Adadelta,0.049,200,0.9899200201034546,0.0388101190328598,0.9692000150680542,0.10635340213775635
449,Adadelta,0.05,200,0.9909800291061401,0.035154055804014206,0.9729999899864197,0.09328006207942963
450,Adadelta,0.051000000000000004,200,0.9904999732971191,0.0379161462187767,0.9714000225067139,0.09940750151872635
451,Adadelta,0.052000000000000005,200,0.9911999702453613,0.034346647560596466,0.9703999757766724,0.10151578485965729
452,Adadelta,0.053000000000000005,200,0.9907000064849854,0.03591340780258179,0.970300018787384,0.103690005838871
453,Adadelta,0.054,200,0.9910399913787842,0.03639495000243187,0.9707000255584717,0.10713467001914978
454,Adadelta,0.055,200,0.9935799837112427,0.028963379561901093,0.970300018787384,0.10031740367412567
455,Adadelta,0.056,200,0.9933199882507324,0.02869250811636448,0.9714999794960022,0.09579060971736908
456,Adadelta,0.057,200,0.9929599761962891,0.030201975256204605,0.9703999757766724,0.10175992548465729
457,Adadelta,0.058,200,0.9930599927902222,0.028231874108314514,0.9714000225067139,0.09714990854263306
458,Adadelta,0.059000000000000004,200,0.9927399754524231,0.030076241120696068,0.9708999991416931,0.10166250169277191
459,Adadelta,0.060000000000000005,200,0.9947800040245056,0.02363096922636032,0.9717000126838684,0.10054372996091843
460,Adadelta,0.061,200,0.9935600161552429,0.028762241825461388,0.9699000120162964,0.09894383698701859
461,Adadelta,0.062,200,0.9934399724006653,0.02710767835378647,0.9692999720573425,0.10473863780498505
462,Adadelta,0.063,200,0.9945799708366394,0.024011313915252686,0.9728000164031982,0.09725409001111984
463,Adadelta,0.064,200,0.9936599731445312,0.02820136770606041,0.972100019454956,0.10490746796131134
464,Adadelta,0.065,200,0.995419979095459,0.020906547084450722,0.9726999998092651,0.09894560277462006
465,Adadelta,0.066,200,0.9946200251579285,0.023629434406757355,0.9715999960899353,0.10384908318519592
466,Adadelta,0.067,200,0.9949600100517273,0.023193366825580597,0.9697999954223633,0.1071489229798317
467,Adadelta,0.068,200,0.9948400259017944,0.0223393552005291,0.9717000126838684,0.10439719259738922
468,Adadelta,0.069,200,0.994920015335083,0.023759787902235985,0.972000002861023,0.0992426723241806
469,Adadelta,0.07,200,0.995959997177124,0.019536174833774567,0.9718999862670898,0.10262799263000488
470,Adadelta,0.07100000000000001,200,0.9962000250816345,0.018019916489720345,0.9724000096321106,0.1053536981344223
471,Adadelta,0.07200000000000001,200,0.9961599707603455,0.019226135686039925,0.9718999862670898,0.10218540579080582
472,Adadelta,0.07300000000000001,200,0.9971799850463867,0.01525948103517294,0.9718000292778015,0.11004900187253952
473,Adadelta,0.074,200,0.9957399964332581,0.01974557526409626,0.9703999757766724,0.11014362424612045
474,Adadelta,0.075,200,0.9958599805831909,0.02063295990228653,0.9722999930381775,0.1043398305773735
475,Adadelta,0.076,200,0.9958199858665466,0.01984426937997341,0.972000002861023,0.0991344153881073
476,Adadelta,0.077,200,0.9969000220298767,0.01681295596063137,0.9718000292778015,0.10180070251226425
477,Adadelta,0.078,200,0.9960399866104126,0.019765539094805717,0.9703999757766724,0.1092105433344841
478,Adadelta,0.079,200,0.9968400001525879,0.016562389209866524,0.9697999954223633,0.11572571843862534
479,Adadelta,0.08,200,0.996720016002655,0.016942309215664864,0.9713000059127808,0.11307026445865631
480,Adadelta,0.081,200,0.996999979019165,0.01583106257021427,0.9718000292778015,0.11110398173332214
481,Adadelta,0.082,200,0.9975600242614746,0.013719931244850159,0.9714999794960022,0.11349177360534668
482,Adadelta,0.083,200,0.9970200061798096,0.01614140346646309,0.9703999757766724,0.11008264124393463
483,Adadelta,0.084,200,0.9970800280570984,0.015530865639448166,0.9696999788284302,0.11496078968048096
484,Adadelta,0.085,200,0.9971200227737427,0.01656445488333702,0.9684000015258789,0.11320747435092926
485,Adadelta,0.08600000000000001,200,0.9980800151824951,0.010809434577822685,0.9722999930381775,0.10785141587257385
486,Adadelta,0.08700000000000001,200,0.9979000091552734,0.011770961806178093,0.9710999727249146,0.11082889139652252
487,Adadelta,0.08800000000000001,200,0.998199999332428,0.011201845481991768,0.9724000096321106,0.10930037498474121
488,Adadelta,0.089,200,0.9975200295448303,0.013734894804656506,0.9692000150680542,0.11331511288881302
489,Adadelta,0.09,200,0.9984599947929382,0.009547478519380093,0.972000002861023,0.11416205763816833
490,Adadelta,0.091,200,0.9977800250053406,0.012855502776801586,0.9732999801635742,0.10878878086805344
491,Adadelta,0.092,200,0.9980999827384949,0.0117424875497818,0.972000002861023,0.11527299880981445
492,Adadelta,0.093,200,0.9984599947929382,0.01029559038579464,0.9689000248908997,0.12419344484806061
493,Adadelta,0.094,200,0.9982600212097168,0.010950825177133083,0.9710000157356262,0.1112101674079895
494,Adadelta,0.095,200,0.9981799721717834,0.010441797785460949,0.9735999703407288,0.11259370297193527
495,Adadelta,0.096,200,0.998199999332428,0.010853126645088196,0.9717000126838684,0.11308066546916962
496,Adadelta,0.097,200,0.9990400075912476,0.007573597598820925,0.9731000065803528,0.10813720524311066
497,Adadelta,0.098,200,0.9986400008201599,0.008827035315334797,0.9722999930381775,0.11191675066947937
498,Adadelta,0.099,200,0.9989200234413147,0.00903491023927927,0.9713000059127808,0.11827192455530167
499,Adadelta,0.1,200,0.998520016670227,0.010206084698438644,0.9710999727249146,0.11422175168991089
500,Adamax,0.001,200,1.0,1.2036309726681793e-07,0.970300018787384,0.3413596749305725
501,Adamax,0.002,200,1.0,2.169608936952727e-09,0.9714000225067139,0.4305267930030823
502,Adamax,0.003,200,1.0,7.021422554487344e-09,0.9718000292778015,0.4226618707180023
503,Adamax,0.004,200,1.0,2.555846867480227e-09,0.9714999794960022,0.4065389037132263
504,Adamax,0.005,200,1.0,3.4923257175023537e-08,0.9700999855995178,0.44246602058410645
505,Adamax,0.006,200,1.0,9.870528838717973e-10,0.9708999991416931,0.41035160422325134
506,Adamax,0.007,200,1.0,1.3024796352567591e-08,0.973800003528595,0.37300050258636475
507,Adamax,0.008,200,1.0,3.058413767575985e-06,0.972000002861023,0.3691417872905731
508,Adamax,0.009000000000000001,200,0.9994000196456909,0.0015662439400330186,0.9718000292778015,0.41086703538894653
509,Adamax,0.010000000000000002,200,0.9997199773788452,0.0008195395930670202,0.9728000164031982,0.40455445647239685
510,Adamax,0.011,200,1.0,7.510010959776992e-07,0.9732000231742859,0.39719152450561523
511,Adamax,0.012,200,1.0,1.4738999354335647e-08,0.9721999764442444,0.3980695903301239
512,Adamax,0.013000000000000001,200,1.0,4.933103880944145e-08,0.9751999974250793,0.3796508014202118
513,Adamax,0.014000000000000002,200,0.9998199939727783,0.0005955775268375874,0.9710999727249146,0.4169214963912964
514,Adamax,0.015,200,0.9996200203895569,0.001084058778360486,0.9697999954223633,0.430812805891037
515,Adamax,0.016,200,0.9999799728393555,7.100895163603127e-05,0.9747999906539917,0.3620259463787079
516,Adamax,0.017,200,0.9999799728393555,5.2284398407209665e-05,0.9736999869346619,0.3750993311405182
517,Adamax,0.018000000000000002,200,1.0,2.145766453409692e-09,0.9772999882698059,0.3620629906654358
518,Adamax,0.019000000000000003,200,1.0,1.7573535160408937e-07,0.9732999801635742,0.4480953514575958
519,Adamax,0.02,200,1.0,1.6689299248140443e-11,0.9749000072479248,0.43605199456214905
520,Adamax,0.021,200,1.0,1.64508781597128e-10,0.9758999943733215,0.42689844965934753
521,Adamax,0.022000000000000002,200,1.0,4.412368070916273e-08,0.9745000004768372,0.44024384021759033
522,Adamax,0.023,200,1.0,1.6831480209589245e-08,0.9739999771118164,0.44751787185668945
523,Adamax,0.024,200,1.0,6.198882379626625e-11,0.9754999876022339,0.5077745914459229
524,Adamax,0.025,200,1.0,4.0292735814517755e-10,0.9753000140190125,0.48141831159591675
525,Adamax,0.026000000000000002,200,1.0,2.0575420478508022e-08,0.9742000102996826,0.41774097084999084
526,Adamax,0.027000000000000003,200,0.9998199939727783,0.0008930052863433957,0.9733999967575073,0.5670650005340576
527,Adamax,0.028,200,0.999459981918335,0.0022083623334765434,0.9718999862670898,0.5678519010543823
528,Adamax,0.029,200,1.0,1.1920927786568392e-11,0.9731000065803528,0.4900112748146057
529,Adamax,0.030000000000000002,200,0.9997199773788452,0.0012055031256750226,0.9718999862670898,0.6043722033500671
530,Adamax,0.031,200,0.9987000226974487,0.00777293648570776,0.9684000015258789,0.5981781482696533
531,Adamax,0.032,200,0.9993600249290466,0.0027771778404712677,0.9746999740600586,0.6191481947898865
532,Adamax,0.033,200,0.9995599985122681,0.0019084314117208123,0.9747999906539917,0.6147651076316833
533,Adamax,0.034,200,0.9996399879455566,0.0015003790613263845,0.968500018119812,0.7296920418739319
534,Adamax,0.035,200,0.9992799758911133,0.00301568815484643,0.9663000106811523,0.7922311425209045
535,Adamax,0.036000000000000004,200,0.9996799826622009,0.0010518181370571256,0.9707000255584717,0.6210649609565735
536,Adamax,0.037000000000000005,200,0.9999399781227112,0.00015731537132523954,0.9689000248908997,0.7861483097076416
537,Adamax,0.038,200,0.9997400045394897,0.0010144584812223911,0.9714999794960022,0.7035120725631714
538,Adamax,0.039,200,0.9997400045394897,0.0006688154535368085,0.970300018787384,0.7175822257995605
539,Adamax,0.04,200,0.9986799955368042,0.005601517390459776,0.9660999774932861,0.8087287545204163
540,Adamax,0.041,200,0.9994999766349792,0.001963953021913767,0.9675999879837036,0.755345344543457
541,Adamax,0.042,200,0.9996399879455566,0.0017576415557414293,0.9710999727249146,0.7816045880317688
542,Adamax,0.043000000000000003,200,0.999459981918335,0.0020913733169436455,0.9714999794960022,0.8425793647766113
543,Adamax,0.044000000000000004,200,0.9995200037956238,0.002295662183314562,0.968500018119812,0.9578900337219238
544,Adamax,0.045,200,0.999239981174469,0.0035541821271181107,0.9696000218391418,0.8477973341941833
545,Adamax,0.046,200,0.9993799924850464,0.0028287130407989025,0.9656999707221985,0.9481605291366577
546,Adamax,0.047,200,0.9994999766349792,0.002999073825776577,0.9679999947547913,0.8468837141990662
547,Adamax,0.048,200,0.9986199736595154,0.006074295844882727,0.9635999798774719,1.075748085975647
548,Adamax,0.049,200,0.9995200037956238,0.0026302989572286606,0.9642999768257141,0.9451920986175537
549,Adamax,0.05,200,0.9987599849700928,0.006721730809658766,0.9624000191688538,1.0192792415618896
550,Adamax,0.051000000000000004,200,0.999180018901825,0.00344824674539268,0.9697999954223633,0.8952841758728027
551,Adamax,0.052000000000000005,200,0.9987999796867371,0.009683843702077866,0.9660999774932861,1.085462212562561
552,Adamax,0.053000000000000005,200,0.9996399879455566,0.001605593366548419,0.9661999940872192,0.9750260710716248
553,Adamax,0.054,200,0.9997599720954895,0.0013526348629966378,0.9638000130653381,1.1214154958724976
554,Adamax,0.055,200,0.9997599720954895,0.0011269600363448262,0.9700999855995178,0.9477670788764954
555,Adamax,0.056,200,0.999019980430603,0.0057126739993691444,0.9672999978065491,1.0298190116882324
556,Adamax,0.057,200,0.9997000098228455,0.0015964749036356807,0.9682999849319458,1.071158766746521
557,Adamax,0.058,200,0.9996799826622009,0.0019908882677555084,0.9707000255584717,1.0051933526992798
558,Adamax,0.059000000000000004,200,0.9993399977684021,0.0027618869207799435,0.9668999910354614,0.9728463888168335
559,Adamax,0.060000000000000005,200,0.9982799887657166,0.006940353196114302,0.9596999883651733,1.0814307928085327
560,Adamax,0.061,200,0.9983199834823608,0.008255858905613422,0.9605000019073486,1.1824158430099487
561,Adamax,0.062,200,0.997219979763031,0.011727812699973583,0.9571999907493591,1.0526071786880493
562,Adamax,0.063,200,0.9986199736595154,0.00810343585908413,0.965399980545044,1.098829746246338
563,Adamax,0.064,200,0.9990400075912476,0.00493214325979352,0.9574000239372253,1.2303166389465332
564,Adamax,0.065,200,0.9993000030517578,0.0040689557790756226,0.9657999873161316,1.1052262783050537
565,Adamax,0.066,200,0.9985600113868713,0.008600692264735699,0.9635000228881836,1.1308929920196533
566,Adamax,0.067,200,0.9986400008201599,0.008689806796610355,0.9607999920845032,1.248855710029602
567,Adamax,0.068,200,0.9989399909973145,0.005946347489953041,0.9623000025749207,1.2365232706069946
568,Adamax,0.069,200,0.9983800053596497,0.009584028273820877,0.9588000178337097,1.2826956510543823
569,Adamax,0.07,200,0.9977800250053406,0.009556770324707031,0.9564999938011169,1.0614312887191772
570,Adamax,0.07100000000000001,200,0.9987199902534485,0.006592541001737118,0.9631999731063843,1.240236759185791
571,Adamax,0.07200000000000001,200,0.9970399737358093,0.013384608551859856,0.9523000121116638,1.3932898044586182
572,Adamax,0.07300000000000001,200,0.9984800219535828,0.01126081682741642,0.9646999835968018,1.2719709873199463
573,Adamax,0.074,200,0.996999979019165,0.01277828123420477,0.9567000269889832,1.0844404697418213
574,Adamax,0.075,200,0.9990599751472473,0.003507613902911544,0.963100016117096,1.2074781656265259
575,Adamax,0.076,200,0.9983999729156494,0.006928407121449709,0.963100016117096,1.1071163415908813
576,Adamax,0.077,200,0.9970800280570984,0.017104193568229675,0.9567999839782715,1.315943956375122
577,Adamax,0.078,200,0.9949399828910828,0.024216672405600548,0.9520999789237976,1.3899106979370117
578,Adamax,0.079,200,0.9980999827384949,0.009457405656576157,0.9610999822616577,1.1765246391296387
579,Adamax,0.08,200,0.9983000159263611,0.006485374178737402,0.9595000147819519,1.1547056436538696
580,Adamax,0.081,200,0.9964399933815002,0.01453214231878519,0.95660001039505,1.1442852020263672
581,Adamax,0.082,200,0.9979199767112732,0.011363338679075241,0.9593999981880188,1.4867537021636963
582,Adamax,0.083,200,0.9945999979972839,0.02304879203438759,0.9550999999046326,1.0773568153381348
583,Adamax,0.084,200,0.995419979095459,0.027023646980524063,0.9567000269889832,1.435848593711853
584,Adamax,0.085,200,0.9987999796867371,0.006936023477464914,0.9617000222206116,1.3075110912322998
585,Adamax,0.08600000000000001,200,0.9952999949455261,0.019211018458008766,0.9564999938011169,1.349748969078064
586,Adamax,0.08700000000000001,200,0.9957600235939026,0.01652568206191063,0.9535999894142151,1.2896124124526978
587,Adamax,0.08800000000000001,200,0.9936000108718872,0.02451716735959053,0.945900022983551,1.0728774070739746
588,Adamax,0.089,200,0.9946600198745728,0.029021816328167915,0.9573000073432922,1.1895945072174072
589,Adamax,0.09,200,0.9982799887657166,0.007031118031591177,0.9592999815940857,1.4586200714111328
590,Adamax,0.091,200,0.987339973449707,0.040946148335933685,0.946399986743927,0.8335222601890564
591,Adamax,0.092,200,0.9961599707603455,0.017056062817573547,0.9555000066757202,1.1160284280776978
592,Adamax,0.093,200,0.9926400184631348,0.025807727128267288,0.949400007724762,1.211211085319519
593,Adamax,0.094,200,0.9976800084114075,0.011640097945928574,0.9599000215530396,1.337111234664917
594,Adamax,0.095,200,0.9888200163841248,0.03956151753664017,0.9448999762535095,0.8501963019371033
595,Adamax,0.096,200,0.9926599860191345,0.029351327568292618,0.9495000243186951,1.0394370555877686
596,Adamax,0.097,200,0.9898999929428101,0.03968963027000427,0.9480000138282776,0.9909957051277161
597,Adamax,0.098,200,0.9950399994850159,0.023146772757172585,0.9552000164985657,1.2659039497375488
598,Adamax,0.099,200,0.9931600093841553,0.026756713166832924,0.9492999911308289,1.208428144454956
599,Adamax,0.1,200,0.9940000176429749,0.025139033794403076,0.9563999772071838,1.1028114557266235
600,Nadam,0.001,200,1.0,1.385449976964992e-08,0.9757000207901001,0.3569274842739105
601,Nadam,0.002,200,0.9989200234413147,0.006271763704717159,0.9713000059127808,0.7735663652420044
602,Nadam,0.003,200,0.9982200264930725,0.014315868727862835,0.9714999794960022,1.1163268089294434
603,Nadam,0.004,200,0.9990400075912476,0.011310364119708538,0.9731000065803528,1.1695457696914673
604,Nadam,0.005,200,0.9987999796867371,0.015351532958447933,0.9715999960899353,1.464701533317566
605,Nadam,0.006,200,0.9987000226974487,0.01245989091694355,0.9732000231742859,1.270906686782837
606,Nadam,0.007,200,0.9980199933052063,0.032126251608133316,0.9699000120162964,1.5829130411148071
607,Nadam,0.008,200,0.9987999796867371,0.00822496134787798,0.9714999794960022,1.607453465461731
608,Nadam,0.009000000000000001,200,0.9954800009727478,0.019101999700069427,0.967199981212616,1.5777380466461182
609,Nadam,0.010000000000000002,200,0.993340015411377,0.03902854397892952,0.9646000266075134,2.2190308570861816
610,Nadam,0.011,200,0.9941800236701965,0.028784336522221565,0.9642999768257141,1.9314601421356201
611,Nadam,0.012,200,0.9908199906349182,0.03598073869943619,0.9632999897003174,1.3696203231811523
612,Nadam,0.013000000000000001,200,0.9916800260543823,0.05007874593138695,0.9632999897003174,1.853043556213379
613,Nadam,0.014000000000000002,200,0.9858800172805786,0.06104618310928345,0.95660001039505,1.6492974758148193
614,Nadam,0.015,200,0.9900199770927429,0.058314837515354156,0.9611999988555908,2.601919412612915
615,Nadam,0.016,200,0.987820029258728,0.052984800189733505,0.9569000005722046,2.0405006408691406
616,Nadam,0.017,200,0.9855599999427795,0.06858175992965698,0.951200008392334,1.9679588079452515
617,Nadam,0.018000000000000002,200,0.9886199831962585,0.038480546325445175,0.9567000269889832,2.265807867050171
618,Nadam,0.019000000000000003,200,0.9774600267410278,0.09337107092142105,0.9478999972343445,3.3784584999084473
619,Nadam,0.02,200,0.9815599918365479,0.1378052681684494,0.955299973487854,3.09261155128479
620,Nadam,0.021,200,0.9733800292015076,0.0874052345752716,0.9430000185966492,1.7340540885925293
621,Nadam,0.022000000000000002,200,0.9796599745750427,0.10257213562726974,0.953499972820282,1.983974814414978
622,Nadam,0.023,200,0.9821000099182129,0.16086351871490479,0.955299973487854,2.3338582515716553
623,Nadam,0.024,200,0.9662600159645081,0.12115437537431717,0.9394000172615051,1.8441498279571533
624,Nadam,0.025,200,0.9736400246620178,0.10188978165388107,0.9455000162124634,2.0763778686523438
625,Nadam,0.026000000000000002,200,0.9472200274467468,0.162404403090477,0.925599992275238,2.084181547164917
626,Nadam,0.027000000000000003,200,0.9738799929618835,0.09993147104978561,0.9406999945640564,1.8497213125228882
627,Nadam,0.028,200,0.9704800248146057,0.09120110422372818,0.9427000284194946,2.505794048309326
628,Nadam,0.029,200,0.9645799994468689,0.14312788844108582,0.9345999956130981,2.2531213760375977
629,Nadam,0.030000000000000002,200,0.9701799750328064,0.09796500951051712,0.9387000203132629,1.4883496761322021
630,Nadam,0.031,200,0.9757800102233887,0.1237381175160408,0.9437000155448914,2.14035701751709
631,Nadam,0.032,200,0.9694399833679199,0.10634074360132217,0.9398999810218811,1.5698888301849365
632,Nadam,0.033,200,0.9640399813652039,0.12773044407367706,0.9359999895095825,2.260989189147949
633,Nadam,0.034,200,0.9649400115013123,0.11686667054891586,0.9363999962806702,1.797912359237671
634,Nadam,0.035,200,0.9544600248336792,0.13386262953281403,0.9283000230789185,1.1539226770401
635,Nadam,0.036000000000000004,200,0.965179979801178,0.11486834287643433,0.9368000030517578,2.5024631023406982
636,Nadam,0.037000000000000005,200,0.9614199995994568,0.14732635021209717,0.9296000003814697,2.1710708141326904
637,Nadam,0.038,200,0.9625599980354309,0.12888531386852264,0.9318000078201294,1.7155097723007202
638,Nadam,0.039,200,0.9592999815940857,0.14248615503311157,0.9280999898910522,1.3460626602172852
639,Nadam,0.04,200,0.9583200216293335,0.13846445083618164,0.9300000071525574,2.2561910152435303
640,Nadam,0.041,200,0.9496999979019165,0.21564322710037231,0.9247999787330627,2.185018301010132
641,Nadam,0.042,200,0.9504600167274475,0.17334149777889252,0.9212999939918518,1.3290517330169678
642,Nadam,0.043000000000000003,200,0.9198399782180786,0.2753768861293793,0.8981999754905701,2.5646708011627197
643,Nadam,0.044000000000000004,200,0.9297199845314026,0.24481698870658875,0.9103999733924866,1.8595595359802246
644,Nadam,0.045,200,0.9244999885559082,0.30352193117141724,0.9047999978065491,1.9363839626312256
645,Nadam,0.046,200,0.9478200078010559,0.18099035322666168,0.9218999743461609,3.7594895362854004
646,Nadam,0.047,200,0.9368399977684021,0.3160087466239929,0.9133999943733215,2.8069398403167725
647,Nadam,0.048,200,0.9194599986076355,0.3420769274234772,0.9010999798774719,2.548415422439575
648,Nadam,0.049,200,0.9271799921989441,0.39175087213516235,0.911300003528595,1.2328643798828125
649,Nadam,0.05,200,0.9375600218772888,0.27789658308029175,0.9172999858856201,2.0785324573516846
650,Nadam,0.051000000000000004,200,0.9219200015068054,0.29593580961227417,0.8968999981880188,1.4399676322937012
651,Nadam,0.052000000000000005,200,0.9155799746513367,0.31327447295188904,0.8956000208854675,1.9201457500457764
652,Nadam,0.053000000000000005,200,0.9156200289726257,0.36934441328048706,0.8985000252723694,1.7496120929718018
653,Nadam,0.054,200,0.9172000288963318,0.3478526473045349,0.8996000289916992,1.5333175659179688
654,Nadam,0.055,200,0.8067600131034851,0.5956603288650513,0.7968999743461609,2.2598471641540527
655,Nadam,0.056,200,0.815339982509613,0.5063726305961609,0.7946000099182129,1.9204142093658447
656,Nadam,0.057,200,0.912060022354126,0.3861306607723236,0.8892999887466431,1.53055739402771
657,Nadam,0.058,200,0.744700014591217,0.7877321839332581,0.732200026512146,2.187199592590332
658,Nadam,0.059000000000000004,200,0.8357999920845032,0.4066997766494751,0.8152999877929688,0.9551507830619812
659,Nadam,0.060000000000000005,200,0.8840000033378601,0.45138686895370483,0.8676999807357788,2.2204833030700684
660,Nadam,0.061,200,0.9144600033760071,0.3763558268547058,0.8995000123977661,1.0714994668960571
661,Nadam,0.062,200,0.7246599793434143,0.6544639468193054,0.7185999751091003,1.743850588798523
662,Nadam,0.063,200,0.5159400105476379,1.0833427906036377,0.5113000273704529,1.5215561389923096
663,Nadam,0.064,200,0.6074399948120117,0.9169013500213623,0.6018000245094299,2.1166770458221436
664,Nadam,0.065,200,0.5492600202560425,1.0268539190292358,0.5507000088691711,2.387364387512207
665,Nadam,0.066,200,0.3000200092792511,1.5569353103637695,0.30410000681877136,1.8853789567947388
666,Nadam,0.067,200,0.5929999947547913,1.1992992162704468,0.5972999930381775,3.788464069366455
667,Nadam,0.068,200,0.40092000365257263,1.3771824836730957,0.4002000093460083,1.7226232290267944
668,Nadam,0.069,200,0.5167199969291687,1.0775320529937744,0.5135999917984009,1.6316450834274292
669,Nadam,0.07,200,0.5805000066757202,0.9967512488365173,0.5852000117301941,1.525865077972412
670,Nadam,0.07100000000000001,200,0.5361199975013733,1.0698719024658203,0.5273000001907349,1.7766667604446411
671,Nadam,0.07200000000000001,200,0.3621399998664856,1.4694281816482544,0.35120001435279846,2.139225959777832
672,Nadam,0.07300000000000001,200,0.38012000918388367,1.3390473127365112,0.3783999979496002,1.6965837478637695
673,Nadam,0.074,200,0.6650400161743164,0.8520459532737732,0.6535000205039978,1.1636886596679688
674,Nadam,0.075,200,0.305620014667511,1.5682071447372437,0.2976999878883362,2.045555830001831
675,Nadam,0.076,200,0.38019999861717224,1.3840487003326416,0.3804999887943268,1.8613755702972412
676,Nadam,0.077,200,0.2795799970626831,1.6747753620147705,0.2793999910354614,2.3515777587890625
677,Nadam,0.078,200,0.49799999594688416,1.1219520568847656,0.4959999918937683,3.133143186569214
678,Nadam,0.079,200,0.30640000104904175,1.6044267416000366,0.3098999857902527,2.4059054851531982
679,Nadam,0.08,200,0.2852199971675873,1.6901512145996094,0.2842999994754791,1.691130518913269
680,Nadam,0.081,200,0.3806999921798706,1.4059187173843384,0.3822000026702881,1.6355113983154297
681,Nadam,0.082,200,0.18469999730587006,1.8945368528366089,0.18539999425411224,1.8874961137771606
682,Nadam,0.083,200,0.20678000152111053,1.8905409574508667,0.2078000009059906,6.345667839050293
683,Nadam,0.084,200,0.17295999825000763,1.9597718715667725,0.17010000348091125,1.9592925310134888
684,Nadam,0.085,200,0.18904000520706177,1.8315565586090088,0.19290000200271606,1.8371245861053467
685,Nadam,0.08600000000000001,200,0.5498800277709961,1.2806583642959595,0.5465999841690063,1.3794113397598267
686,Nadam,0.08700000000000001,200,0.26489999890327454,1.698614478111267,0.26330000162124634,2.173551082611084
687,Nadam,0.08800000000000001,200,0.2101999968290329,1.942305326461792,0.2110999971628189,1.940137267112732
688,Nadam,0.089,200,0.18588000535964966,1.8033238649368286,0.1859000027179718,1.8006291389465332
689,Nadam,0.09,200,0.29311999678611755,1.5791287422180176,0.290800005197525,1.721903681755066
690,Nadam,0.091,200,0.29467999935150146,1.62746000289917,0.296999990940094,2.618563652038574
691,Nadam,0.092,200,0.298660010099411,1.6211965084075928,0.30059999227523804,2.889838457107544
692,Nadam,0.093,200,0.20630000531673431,1.8136249780654907,0.20579999685287476,1.817368984222412
693,Nadam,0.094,200,0.20183999836444855,1.836249589920044,0.2053000032901764,1.8273435831069946
694,Nadam,0.095,200,0.2031400054693222,1.8274766206741333,0.2087000012397766,1.8299881219863892
695,Nadam,0.096,200,0.29561999440193176,1.6537175178527832,0.2973000109195709,3.705822229385376
696,Nadam,0.097,200,0.20698000490665436,1.8691215515136719,0.20880000293254852,1.863807201385498
697,Nadam,0.098,200,0.20674000680446625,1.82448410987854,0.20730000734329224,1.8370767831802368
698,Nadam,0.099,200,0.22912000119686127,1.7639981508255005,0.2287999987602234,1.8355560302734375
699,Nadam,0.1,200,0.1997399926185608,1.7917048931121826,0.20170000195503235,1.7899616956710815
