optimizer,lr,epoch,accuracy,loss,test_accuracy,test_loss
SGD,0.001,200,0.939939975738525,0.206018671393394,0.937699973583221,0.214457497000694
SGD,0.002,200,0.961179971694946,0.136763244867325,0.954500019550324,0.157831609249115
SGD,0.003,200,0.973760008811951,0.092849425971508,0.964200019836426,0.126225188374519
SGD,0.004,200,0.981459975242615,0.06754494458437,0.96399998664856,0.114776059985161
SGD,0.005,200,0.984179973602295,0.058871693909168,0.967299997806549,0.109166286885738
SGD,0.006,200,0.990079998970032,0.041341807693243,0.968400001525879,0.104716956615448
SGD,0.007,200,0.992540001869202,0.033683460205793,0.96780002117157,0.104393020272255
SGD,0.008,200,0.994480013847351,0.028095321729779,0.970099985599518,0.10005372017622
SGD,0.009,200,0.996580004692077,0.020452143624425,0.967899978160858,0.109493397176266
SGD,0.01,200,0.997600018978119,0.016765363514423,0.972000002861023,0.103784158825874
SGD,0.011,200,0.998179972171783,0.014003808610141,0.966799974441528,0.122527584433556
SGD,0.012,200,0.999080002307892,0.010749536566436,0.968800008296967,0.114824913442135
SGD,0.013,200,0.999239981174469,0.00878987647593,0.968200027942658,0.122034817934036
SGD,0.014,200,0.999539971351624,0.008347381837666,0.967000007629394,0.129880517721176
SGD,0.015,200,0.999859988689423,0.006045376416296,0.968699991703033,0.129637956619263
SGD,0.016,200,0.999939978122711,0.004785392433405,0.968200027942658,0.130744859576225
SGD,0.017,200,0.999819993972778,0.005201521795243,0.970099985599518,0.125026389956474
SGD,0.018,200,0.999920010566711,0.004645958077163,0.966099977493286,0.142895221710205
SGD,0.019,200,0.999979972839356,0.003437614999712,0.971199989318848,0.129107147455215
SGD,0.02,200,1,0.003107907949016,0.969299972057342,0.137294679880142
SGD,0.021,200,0.999979972839356,0.002781371353194,0.969099998474121,0.146029651165009
SGD,0.022,200,1,0.002566832816228,0.972299993038178,0.136175692081451
SGD,0.023,200,1,0.002223434625193,0.968500018119812,0.143457978963852
SGD,0.024,200,1,0.002068303991109,0.970399975776672,0.140674456954002
SGD,0.025,200,0.999979972839356,0.001921233371831,0.968800008296967,0.141419366002083
SGD,0.026,200,1,0.001745253917761,0.968800008296967,0.1513951420784
SGD,0.027,200,1,0.00158472370822,0.9685999751091,0.148798182606697
SGD,0.028,200,1,0.001412378391251,0.970099985599518,0.147527694702148
SGD,0.029,200,1,0.001383181195706,0.970899999141693,0.134099170565605
SGD,0.03,200,1,0.001481553073972,0.970899999141693,0.145453408360481
SGD,0.031,200,1,0.001298848772421,0.97000002861023,0.161826580762863
SGD,0.032,200,1,0.001019195304252,0.971099972724915,0.150578573346138
SGD,0.033,200,1,0.001115962164477,0.971700012683868,0.141940429806709
SGD,0.034,200,1,0.001130619901232,0.971300005912781,0.150595903396606
SGD,0.035,200,0.999979972839356,0.001079565146938,0.96969997882843,0.160348951816559
SGD,0.036,200,1,0.000945005391259,0.971599996089935,0.148945063352585
SGD,0.037,200,1,0.000881566025782,0.969600021839142,0.154657125473022
SGD,0.038,200,1,0.000801577349193,0.971000015735626,0.148431167006493
SGD,0.039,200,1,0.000788259378169,0.971700012683868,0.143938854336739
SGD,0.04,200,1,0.00077829498332,0.971400022506714,0.15402926504612
SGD,0.041,200,1,0.000769203412347,0.970099985599518,0.172196373343468
SGD,0.042,200,1,0.000688394415192,0.970499992370606,0.156936168670654
SGD,0.043,200,1,0.000683116377331,0.969600021839142,0.159867152571678
SGD,0.044,200,1,0.000616958539467,0.971599996089935,0.151517361402512
SGD,0.045,200,1,0.00057415018091,0.971700012683868,0.154627352952957
SGD,0.046,200,1,0.000576486985665,0.970899999141693,0.156653344631195
SGD,0.047,200,1,0.00057862122776,0.973100006580353,0.148719891905785
SGD,0.048,200,1,0.000535622413736,0.971599996089935,0.164173662662506
SGD,0.049,200,1,0.00056725484319,0.972500026226044,0.156022146344185
SGD,0.05,200,1,0.000508147000801,0.97189998626709,0.157015010714531
SGD,0.051,200,1,0.000507732038386,0.969200015068054,0.162558302283287
SGD,0.052,200,1,0.000458704715129,0.972000002861023,0.147357359528542
SGD,0.053,200,1,0.000470557366498,0.971199989318848,0.158498257398605
SGD,0.054,200,1,0.000438540388132,0.971499979496002,0.16129158437252
SGD,0.055,200,1,0.00042240525363,0.970399975776672,0.176905363798141
SGD,0.056,200,1,0.000449137674877,0.970600008964539,0.172989681363106
SGD,0.057,200,1,0.00041815705481,0.971599996089935,0.165790840983391
SGD,0.058,200,1,0.000385684281355,0.97350001335144,0.146992981433868
SGD,0.059,200,1,0.000403992424253,0.970700025558472,0.172152325510979
SGD,0.06,200,1,0.000410938315326,0.971199989318848,0.167310550808907
SGD,0.061,200,1,0.000398072588723,0.971300005912781,0.162092223763466
SGD,0.062,200,1,0.000353094947059,0.971300005912781,0.163402542471886
SGD,0.063,200,1,0.000370590452803,0.970499992370606,0.175563186407089
SGD,0.064,200,1,0.000339585443726,0.968699991703033,0.176622539758682
SGD,0.065,200,1,0.000336271594279,0.971000015735626,0.165169432759285
SGD,0.066,200,1,0.000333151692757,0.97079998254776,0.177038282155991
SGD,0.067,200,1,0.000329784204951,0.970899999141693,0.155948013067245
SGD,0.068,200,1,0.000306271278532,0.971400022506714,0.16015736758709
SGD,0.069,200,1,0.000321328057908,0.970600008964539,0.183409929275513
SGD,0.07,200,1,0.000300393206999,0.972699999809265,0.160201385617256
SGD,0.071,200,1,0.000304322078591,0.96969997882843,0.169510513544083
SGD,0.072,200,1,0.000286797760054,0.971099972724915,0.16377167403698
SGD,0.073,200,1,0.000278991705272,0.970399975776672,0.177796646952629
SGD,0.074,200,1,0.000269814045168,0.969299972057342,0.178196221590042
SGD,0.075,200,1,0.000260608241661,0.971300005912781,0.170351356267929
SGD,0.076,200,1,0.000266559538431,0.969200015068054,0.162907913327217
SGD,0.077,200,1,0.000255908234976,0.97079998254776,0.172460064291954
SGD,0.078,200,1,0.000259790045675,0.972100019454956,0.167202949523926
SGD,0.079,200,1,0.000248310243478,0.972899973392487,0.152196660637856
SGD,0.08,200,1,0.000251008837949,0.972299993038178,0.164341196417809
SGD,0.081,200,1,0.000234059814829,0.971099972724915,0.177915930747986
SGD,0.082,200,1,0.000231544749113,0.972000002861023,0.165521010756493
SGD,0.083,200,1,0.00022304536833,0.970200002193451,0.172036334872246
SGD,0.084,200,1,0.00023337926541,0.972299993038178,0.165253162384033
SGD,0.085,200,1,0.000220864560106,0.973100006580353,0.143863618373871
SGD,0.086,200,1,0.000211593898712,0.972400009632111,0.157946780323982
SGD,0.087,200,1,0.00021662733343,0.972699999809265,0.157734721899033
SGD,0.088,200,1,0.000204049458262,0.971800029277802,0.171690374612808
SGD,0.089,200,1,0.000198267167434,0.971199989318848,0.165622502565384
SGD,0.09,200,1,0.000208584562643,0.973999977111816,0.159267947077751
SGD,0.091,200,1,0.000193863961613,0.969200015068054,0.176489010453224
SGD,0.092,200,1,0.000194366628421,0.971599996089935,0.158330082893372
SGD,0.093,200,1,0.000196303764824,0.972699999809265,0.15792877972126
SGD,0.094,200,1,0.000193041953025,0.970399975776672,0.170791238546371
SGD,0.095,200,1,0.000186395365745,0.972500026226044,0.155685633420944
SGD,0.096,200,1,0.000180470538908,0.969799995422363,0.178916469216347
SGD,0.097,200,1,0.000183739088243,0.971199989318848,0.162389874458313
SGD,0.098,200,1,0.000184090255061,0.970600008964539,0.167658507823944
SGD,0.099,200,1,0.000178322385182,0.971400022506714,0.170560210943222
SGD,0.1,200,1,0.000180127011845,0.972000002861023,0.163787737488747
RMSprop,0.001,200,1,9.46521638844899E-10,0.971199989318848,0.562053263187408
RMSprop,0.002,200,1,0,0.973999977111816,0.722578763961792
RMSprop,0.003,200,0.999859988689423,0.001089794910513,0.971300005912781,1.19480812549591
RMSprop,0.004,200,0.999740004539489,0.002324767410755,0.969299972057342,1.5649117231369
RMSprop,0.005,200,0.999660015106201,0.003014549612999,0.972299993038178,1.73565626144409
RMSprop,0.006,200,0.999180018901825,0.010972529649735,0.968699991703033,2.7289297580719
RMSprop,0.007,200,0.99915999174118,0.009271108545363,0.969299972057342,3.60315346717834
RMSprop,0.008,200,0.999360024929047,0.011118427850306,0.97000002861023,3.32358002662659
RMSprop,0.009,200,0.998279988765717,0.039159163832665,0.966099977493286,5.01522636413574
RMSprop,0.01,200,0.990239977836609,0.177506119012833,0.963900029659271,8.41975975036621
RMSprop,0.011,200,0.925040006637573,0.417626410722732,0.901000022888184,11.364013671875
RMSprop,0.012,200,0.892880022525787,0.46581444144249,0.869799971580505,15.1574001312256
RMSprop,0.013,200,0.883099973201752,1.21932196617126,0.86599999666214,14.0772018432617
RMSprop,0.014,200,0.868420004844666,0.470714688301086,0.850399971008301,12.813681602478
RMSprop,0.015,200,0.822080016136169,1.40128684043884,0.808700025081635,19.7506542205811
RMSprop,0.016,200,0.743179976940155,1.17530155181885,0.734200000762939,12.9467115402222
RMSprop,0.017,200,0.764819979667664,1.00829005241394,0.755699992179871,15.3507966995239
RMSprop,0.018,200,0.741400003433228,0.879852294921875,0.724500000476837,17.0461196899414
RMSprop,0.019,200,0.799359977245331,2.8068585395813,0.788299977779388,22.9692249298096
RMSprop,0.02,200,0.689899981021881,0.895050883293152,0.682600021362305,13.6298389434814
RMSprop,0.021,200,0.724740028381348,0.911800444126129,0.716400027275085,14.8669281005859
RMSprop,0.022,200,0.63238000869751,1.051882147789,0.627900004386902,10.3071050643921
RMSprop,0.023,200,0.699779987335205,2.36596465110779,0.696600019931793,17.3169555664062
RMSprop,0.024,200,0.685540020465851,1.36985123157501,0.680999994277954,17.4102516174316
RMSprop,0.025,200,0.624239981174469,1.15925586223602,0.620400011539459,10.9098520278931
RMSprop,0.026,200,0.653779983520508,1.04449152946472,0.654799997806549,13.1104936599731
RMSprop,0.027,200,0.652540028095245,3.08742666244507,0.652100026607513,13.9657154083252
RMSprop,0.028,200,0.625299990177155,8.00166702270508,0.624700009822845,19.775239944458
RMSprop,0.029,200,0.559080004692078,1.32383501529694,0.562200009822845,12.7565393447876
RMSprop,0.03,200,0.598479986190796,1.17052221298218,0.604900002479553,11.1140480041504
RMSprop,0.031,200,0.626060009002685,1.24538910388947,0.627099990844727,9.10871601104736
RMSprop,0.032,200,0.581960022449493,1.4979236125946,0.578800022602081,20.2032699584961
RMSprop,0.033,200,0.556420028209686,1.26602637767792,0.556699991226196,13.0910997390747
RMSprop,0.034,200,0.558979988098145,1.56257557868958,0.558000028133392,14.575966835022
RMSprop,0.035,200,0.580999970436096,1.58155798912048,0.578000009059906,17.4760437011719
RMSprop,0.036,200,0.520280003547668,1.29158699512482,0.526899993419647,12.4394493103027
RMSprop,0.037,200,0.606199979782105,1.35616552829742,0.608799993991852,12.117527961731
RMSprop,0.038,200,0.529079973697662,1.27488255500793,0.522300004959106,13.7613935470581
RMSprop,0.039,200,0.538699984550476,3.24348783493042,0.53710001707077,27.0669746398926
RMSprop,0.04,200,0.858780026435852,0.764332294464111,0.836000025272369,7.63720178604126
RMSprop,0.041,200,0.568639993667603,1.2294807434082,0.559499979019165,10.3921175003052
RMSprop,0.042,200,0.529760003089905,1.30766129493713,0.530700027942658,10.935661315918
RMSprop,0.043,200,0.559859991073608,1.65396106243134,0.557500004768372,11.8037366867065
RMSprop,0.044,200,0.902559995651245,0.478319466114044,0.879100024700165,5.88560485839844
RMSprop,0.045,200,0.908320009708404,0.501913368701935,0.885999977588654,6.95132732391357
RMSprop,0.046,200,0.428359985351563,1.50417125225067,0.42960000038147,8.148362159729
RMSprop,0.047,200,0.846599996089935,0.699578881263733,0.828999996185303,8.0403995513916
RMSprop,0.048,200,0.791159987449646,0.742675721645355,0.772499978542328,9.52927303314209
RMSprop,0.049,200,0.902639985084534,0.665398955345154,0.878199994564056,10.7050971984863
RMSprop,0.05,200,0.869920015335083,0.503518581390381,0.848900020122528,6.35846281051636
RMSprop,0.051,200,0.433019995689392,1.54035031795502,0.428600013256073,5.08378458023071
RMSprop,0.052,200,0.45906001329422,1.46095263957977,0.460999995470047,2.93842267990112
RMSprop,0.053,200,0.636640012264252,1.88016021251679,0.622600018978119,7.0551233291626
RMSprop,0.054,200,0.814819991588593,0.744864821434021,0.799099981784821,9.70731353759766
RMSprop,0.055,200,0.885439991950989,0.533367097377777,0.864199995994568,7.59839391708374
RMSprop,0.056,200,0.888899981975555,0.565922439098358,0.864600002765656,6.74047517776489
RMSprop,0.057,200,0.870500028133392,0.579559683799744,0.856899976730347,7.47834777832031
RMSprop,0.058,200,0.365119993686676,1.8630633354187,0.371199995279312,3.33429169654846
RMSprop,0.059,200,0.494320005178451,1.51749765872955,0.497200012207031,17.5462169647217
RMSprop,0.06,200,0.643920004367828,1.17534291744232,0.625100016593933,15.1241598129272
RMSprop,0.061,200,0.476639986038208,2.01168990135193,0.480699986219406,14.2603092193604
RMSprop,0.062,200,0.42892000079155,1.55884265899658,0.425999999046326,6.34577751159668
RMSprop,0.063,200,0.521440029144287,1.34129083156586,0.521600008010864,9.01406764984131
RMSprop,0.064,200,0.688120007514954,0.936644613742828,0.683000028133392,9.78348159790039
RMSprop,0.065,200,0.859740018844605,0.642447471618652,0.84500002861023,5.71323680877686
RMSprop,0.066,200,0.613719999790192,0.975874900817871,0.59960001707077,3.54790186882019
RMSprop,0.067,200,0.442519992589951,2.17622184753418,0.444900006055832,9.4864091873169
RMSprop,0.068,200,0.593280017375946,2.43557286262512,0.604900002479553,13.1973419189453
RMSprop,0.069,200,0.761799991130829,0.794335067272186,0.741599977016449,5.62057304382324
RMSprop,0.07,200,0.766240000724793,0.958995223045349,0.753700017929077,5.38924837112427
RMSprop,0.071,200,0.643379986286163,1.16518461704254,0.625400006771088,9.71582221984863
RMSprop,0.072,200,0.750039994716644,1.314373254776,0.739099979400635,4.6346926689148
RMSprop,0.073,200,0.583859980106354,1.38097858428955,0.57940000295639,4.30147552490234
RMSprop,0.074,200,0.642379999160767,1.13740980625153,0.621100008487701,10.6182584762573
RMSprop,0.075,200,0.509079992771149,1.42672562599182,0.505400002002716,4.22163105010986
RMSprop,0.076,200,0.73277997970581,0.780763685703278,0.725300014019012,8.11872005462647
RMSprop,0.077,200,0.639660000801086,1.07762050628662,0.636799991130829,8.49112892150879
RMSprop,0.078,200,0.725480020046234,1.08337008953094,0.720099985599518,12.4265842437744
RMSprop,0.079,200,0.599479973316193,1.07400524616241,0.59579998254776,5.65390872955322
RMSprop,0.08,200,0.369359999895096,1.56503880023956,0.37049999833107,1.85877501964569
RMSprop,0.081,200,0.678640007972717,1.18691062927246,0.657800018787384,6.15173625946045
RMSprop,0.082,200,0.615859985351563,1.15066242218018,0.618300020694733,3.89541482925415
RMSprop,0.083,200,0.381660014390945,1.56365776062012,0.375499993562698,6.41230058670044
RMSprop,0.084,200,0.331539988517761,1.60286295413971,0.327199995517731,7.30904674530029
RMSprop,0.085,200,0.493919998407364,1.26885986328125,0.4966000020504,5.45330047607422
RMSprop,0.086,200,0.513499975204468,1.53170776367188,0.518299996852875,8.87107658386231
RMSprop,0.087,200,0.640739977359772,1.30656230449677,0.633499979972839,8.22634792327881
RMSprop,0.088,200,0.420359998941422,1.42809152603149,0.414000004529953,3.00657916069031
RMSprop,0.089,200,0.614340007305145,1.05258524417877,0.606899976730347,12.1936025619507
RMSprop,0.09,200,0.530260026454926,1.34282290935516,0.524100005626678,9.55325031280518
RMSprop,0.091,200,0.257459998130798,1.74468338489532,0.253800004720688,2.24252772331238
RMSprop,0.092,200,0.5207200050354,1.23586273193359,0.516300022602081,4.48876571655273
RMSprop,0.093,200,0.342880010604858,1.60237860679626,0.339800000190735,8.06140995025635
RMSprop,0.094,200,0.619260013103485,1.04818093776703,0.607699990272522,6.98922967910767
RMSprop,0.095,200,0.465739995241165,1.71606481075287,0.460500001907349,9.31788635253906
RMSprop,0.096,200,0.616879999637604,1.19606995582581,0.609399974346161,20.2412166595459
RMSprop,0.097,200,0.254460006952286,1.70872807502747,0.24779999256134,4.875892162323
RMSprop,0.098,200,0.189260005950928,1.92730677127838,0.191899999976158,1.90363538265228
RMSprop,0.099,200,0.290820002555847,1.72547173500061,0.293500006198883,1.74775719642639
RMSprop,0.1,200,0.561699986457825,1.29429221153259,0.559499979019165,10.4576025009155
Adam,0.001,200,1,3.23872342278264E-07,0.972400009632111,0.343764513731003
Adam,0.002,200,0.999580025672913,0.002554938197136,0.973399996757507,0.514334380626678
Adam,0.003,200,0.998860001564026,0.007851977832615,0.972400009632111,1.03244805335999
Adam,0.004,200,0.999059975147247,0.008772311732173,0.972899973392487,1.27753305435181
Adam,0.005,200,0.998799979686737,0.018272960558534,0.972899973392487,1.65890312194824
Adam,0.006,200,0.99889999628067,0.014264075085521,0.972899973392487,1.51877343654633
Adam,0.007,200,0.997759997844696,0.027130879461765,0.9689000248909,1.56680774688721
Adam,0.008,200,0.994660019874573,0.085018925368786,0.96450001001358,1.95022594928741
Adam,0.009,200,0.995599985122681,0.02395460754633,0.967999994754791,1.4038919210434
Adam,0.01,200,0.996379971504211,0.021564835682511,0.967299997806549,1.48955583572388
Adam,0.011,200,0.995140016078949,0.034028045833111,0.968200027942658,1.83397614955902
Adam,0.012,200,0.99260002374649,0.029454352334142,0.961499989032745,1.81205797195435
Adam,0.013,200,0.99124002456665,0.054949223995209,0.962700009346008,1.95124995708466
Adam,0.014,200,0.989000022411346,0.044403847306967,0.957899987697601,1.66060972213745
Adam,0.015,200,0.990800023078918,0.037610922008753,0.959100008010864,1.51459956169128
Adam,0.016,200,0.988640010356903,0.080655746161938,0.9617999792099,1.88105845451355
Adam,0.017,200,0.984740018844604,0.069469131529331,0.958199977874756,2.06438684463501
Adam,0.018,200,0.985899984836578,0.04386343434453,0.956200003623962,2.06325840950012
Adam,0.019,200,0.980679988861084,0.085870310664177,0.953400015830994,2.57349872589111
Adam,0.02,200,0.973219990730285,0.103541612625122,0.945599973201752,2.19864773750305
Adam,0.021,200,0.977680027484894,0.083214931190014,0.94870001077652,2.29161047935486
Adam,0.022,200,0.946619987487793,0.227245196700096,0.922800004482269,2.065842628479
Adam,0.023,200,0.985099971294403,0.073681898415089,0.95440000295639,2.07232522964478
Adam,0.024,200,0.982599973678589,0.085166193544865,0.95329999923706,1.43081498146057
Adam,0.025,200,0.972920000553131,0.112093269824982,0.941799998283386,2.49070405960083
Adam,0.026,200,0.972660005092621,0.090609900653362,0.944700002670288,2.4794864654541
Adam,0.027,200,0.974720001220703,0.079048790037632,0.94539999961853,2.35037589073181
Adam,0.028,200,0.972299993038178,0.106601238250732,0.944800019264221,2.3612368106842
Adam,0.029,200,0.950919985771179,0.157338008284569,0.920099973678589,1.83150041103363
Adam,0.03,200,0.962999999523163,0.132972702383995,0.930999994277954,2.06721043586731
Adam,0.031,200,0.968940019607544,0.17461159825325,0.938700020313263,2.28721737861633
Adam,0.032,200,0.973540008068085,0.088277108967304,0.941299974918366,1.64634704589844
Adam,0.033,200,0.968859970569611,0.12419705092907,0.939800024032593,2.22953677177429
Adam,0.034,200,0.955179989337921,0.152094617486,0.925800025463104,1.57752072811127
Adam,0.035,200,0.951259970664978,0.204659909009933,0.928099989891052,1.73879671096802
Adam,0.036,200,0.964359998703003,0.135252371430397,0.935800015926361,2.03817939758301
Adam,0.037,200,0.961899995803833,0.141394674777985,0.933899998664856,0.886700391769409
Adam,0.038,200,0.957679986953735,0.137998849153519,0.927600026130676,1.64554762840271
Adam,0.039,200,0.954999983310699,0.155820533633232,0.93010002374649,1.19074082374573
Adam,0.04,200,0.940940022468567,0.243555650115013,0.912599980831146,1.4406179189682
Adam,0.041,200,0.963840007781982,0.142706245183945,0.938300013542175,1.76069939136505
Adam,0.042,200,0.953119993209839,0.175399571657181,0.927500009536743,1.93997085094452
Adam,0.043,200,0.936900019645691,0.244958087801933,0.912400007247925,1.38548111915588
Adam,0.044,200,0.944100022315979,0.23153829574585,0.923600018024445,1.71140134334564
Adam,0.045,200,0.947719991207123,0.262793153524399,0.926400005817413,1.21428763866425
Adam,0.046,200,0.938920021057129,0.219224140048027,0.912999987602234,1.36089563369751
Adam,0.047,200,0.945699989795685,0.268474221229553,0.92629998922348,1.54802358150482
Adam,0.048,200,0.940540015697479,0.239424049854278,0.916899979114532,2.22900485992432
Adam,0.049,200,0.950699985027313,0.200763359665871,0.923200011253357,2.25205731391907
Adam,0.05,200,0.846180021762848,0.406683206558227,0.822000026702881,1.62418365478516
Adam,0.051,200,0.929099977016449,0.267966270446777,0.910300016403198,1.74057757854462
Adam,0.052,200,0.831160008907318,0.417827427387238,0.813199996948242,1.1327395439148
Adam,0.053,200,0.902639985084534,0.355763137340546,0.879700005054474,3.38230395317078
Adam,0.054,200,0.816940009593964,0.564858138561249,0.79720002412796,2.66323566436768
Adam,0.055,200,0.733299970626831,0.653667151927948,0.7185999751091,4.38956642150879
Adam,0.056,200,0.83924001455307,0.50940328836441,0.825500011444092,1.75494408607483
Adam,0.057,200,0.92628002166748,0.331387937068939,0.910300016403198,2.37043046951294
Adam,0.058,200,0.726180016994476,0.775257706642151,0.718699991703033,3.40162539482117
Adam,0.059,200,0.906960010528564,0.41740745306015,0.890200018882751,1.84298300743103
Adam,0.06,200,0.829940021038055,0.493324190378189,0.807600021362305,1.39070415496826
Adam,0.061,200,0.465939998626709,1.20775365829468,0.466399997472763,1.79954838752747
Adam,0.062,200,0.441900014877319,1.2521733045578,0.439099997282028,1.81288731098175
Adam,0.063,200,0.642080008983612,0.840677320957184,0.633400022983551,2.96713042259216
Adam,0.064,200,0.570840001106262,0.955460608005524,0.563000023365021,1.75805628299713
Adam,0.065,200,0.663839995861053,0.756046772003174,0.654900014400482,1.96219575405121
Adam,0.066,200,0.772319972515106,0.600876331329346,0.757600009441376,2.08471059799194
Adam,0.067,200,0.559099972248077,1.03734159469605,0.556900024414063,1.5809588432312
Adam,0.068,200,0.352140009403229,1.54257309436798,0.353199988603592,3.59099364280701
Adam,0.069,200,0.564239978790283,1.08256983757019,0.562300026416779,3.15622186660767
Adam,0.07,200,0.383819997310638,1.36532354354858,0.3783999979496,2.23990082740784
Adam,0.071,200,0.386440008878708,1.43177270889282,0.379400014877319,2.12396025657654
Adam,0.072,200,0.451319992542267,1.22054994106293,0.443300008773804,2.43549966812134
Adam,0.073,200,0.464780002832413,1.25332760810852,0.462700009346008,1.7494683265686
Adam,0.074,200,0.208460003137588,1.78236603736877,0.208399996161461,1.79137635231018
Adam,0.075,200,0.3887600004673,1.35211765766144,0.386400014162064,1.59701263904571
Adam,0.076,200,0.289119988679886,1.6743677854538,0.292499989271164,2.93520712852478
Adam,0.077,200,0.392459988594055,1.33872902393341,0.392800003290176,1.81985199451447
Adam,0.078,200,0.1822399944067,1.84762001037598,0.187299996614456,1.84130799770355
Adam,0.079,200,0.369960010051727,1.48495316505432,0.374199986457825,1.92142498493195
Adam,0.08,200,0.300880014896393,1.55827784538269,0.301699995994568,1.85057163238525
Adam,0.081,200,0.299699991941452,1.65471637248993,0.300300002098083,1.77592015266418
Adam,0.082,200,0.299459993839264,1.54460048675537,0.294699996709824,1.82408356666565
Adam,0.083,200,0.461719989776611,1.24356639385223,0.463499993085861,1.8247002363205
Adam,0.084,200,0.219280004501343,1.86954236030579,0.220699995756149,1.85963869094849
Adam,0.085,200,0.303180009126663,1.53476393222809,0.301200002431869,2.69712924957275
Adam,0.086,200,0.503719985485077,1.12486588954926,0.50110000371933,2.0200183391571
Adam,0.087,200,0.185019999742508,1.84724223613739,0.187099993228912,1.84239232540131
Adam,0.088,200,0.200519993901253,1.87691628932953,0.197400003671646,1.87922203540802
Adam,0.089,200,0.203979998826981,1.80573785305023,0.209299996495247,1.81068205833435
Adam,0.09,200,0.300240010023117,1.70970833301544,0.303999990224838,2.70638155937195
Adam,0.091,200,0.194079995155335,1.84895026683807,0.196600005030632,1.85368597507477
Adam,0.092,200,0.209519997239113,1.80691266059876,0.209199994802475,1.79998123645782
Adam,0.093,200,0.213259994983673,1.82842123508453,0.210899993777275,1.82374727725983
Adam,0.094,200,0.284500002861023,1.60176825523376,0.282999992370605,2.01848793029785
Adam,0.095,200,0.193479999899864,1.81967675685883,0.19310000538826,1.81084609031677
Adam,0.096,200,0.359739989042282,1.47456324100494,0.357899993658066,2.59761476516724
Adam,0.097,200,0.209020003676414,1.82314765453339,0.209199994802475,1.81504666805267
Adam,0.098,200,0.184200003743172,1.86762511730194,0.190799996256828,1.86052894592285
Adam,0.099,200,0.291799992322922,1.56110167503357,0.294400006532669,1.68107223510742
Adam,0.1,200,0.195299997925758,1.86189091205597,0.195500001311302,1.86697697639465
Adagrad,0.001,200,0.937520027160644,0.218030035495758,0.936200022697449,0.224076852202415
Adagrad,0.002,200,0.961300015449524,0.137105092406273,0.953999996185303,0.157552018761635
Adagrad,0.003,200,0.972379982471466,0.098836697638035,0.963100016117096,0.127117589116097
Adagrad,0.004,200,0.979900002479553,0.072797559201717,0.964699983596802,0.111873976886272
Adagrad,0.005,200,0.984600007534027,0.059394657611847,0.966199994087219,0.106994777917862
Adagrad,0.006,200,0.988659977912903,0.046097356826067,0.968299984931946,0.103953905403614
Adagrad,0.007,200,0.991620004177094,0.036742947995663,0.969500005245209,0.101791270077229
Adagrad,0.008,200,0.993300020694733,0.031440231949091,0.970300018787384,0.101312749087811
Adagrad,0.009,200,0.995620012283325,0.022697407752276,0.969200015068054,0.100448168814182
Adagrad,0.01,200,0.997160017490387,0.018501255661249,0.969399988651276,0.103251233696938
Adagrad,0.011,200,0.998319983482361,0.014227790758014,0.972100019454956,0.102649837732315
Adagrad,0.012,200,0.999199986457825,0.010899190790951,0.971300005912781,0.108020484447479
Adagrad,0.013,200,0.999140024185181,0.010264864191413,0.969900012016296,0.114185571670532
Adagrad,0.014,200,0.999620020389557,0.007498577702791,0.971800029277802,0.110443226993084
Adagrad,0.015,200,0.999800026416779,0.006186954211444,0.972400009632111,0.108024269342422
Adagrad,0.016,200,0.999719977378845,0.005718663800508,0.970399975776672,0.118709653615952
Adagrad,0.017,200,0.999899983406067,0.004803022369742,0.972100019454956,0.113444663584232
Adagrad,0.018,200,0.999979972839356,0.003353553824127,0.972800016403198,0.11441595107317
Adagrad,0.019,200,0.999960005283356,0.003814867464826,0.969500005245209,0.132277771830559
Adagrad,0.02,200,0.999979972839356,0.003060198621824,0.972500026226044,0.11476594209671
Adagrad,0.021,200,1,0.00270925136283,0.97000002861023,0.128091663122177
Adagrad,0.022,200,1,0.002215270418674,0.971300005912781,0.131960183382034
Adagrad,0.023,200,1,0.001894884509966,0.972800016403198,0.127113625407219
Adagrad,0.024,200,1,0.001590734347701,0.973299980163574,0.121830590069294
Adagrad,0.025,200,1,0.001749046728946,0.968999981880188,0.137173146009445
Adagrad,0.026,200,1,0.001402939902619,0.97189998626709,0.127125382423401
Adagrad,0.027,200,1,0.001126214163378,0.973399996757507,0.120442420244217
Adagrad,0.028,200,1,0.001071067177691,0.971099972724915,0.138257578015327
Adagrad,0.029,200,1,0.001077852328308,0.97299998998642,0.133786946535111
Adagrad,0.03,200,1,0.000897239544429,0.971400022506714,0.144106149673462
Adagrad,0.031,200,1,0.000985539518297,0.972500026226044,0.139363527297974
Adagrad,0.032,200,1,0.000774654792622,0.970899999141693,0.139487355947495
Adagrad,0.033,200,1,0.000954357499722,0.970899999141693,0.15344363451004
Adagrad,0.034,200,1,0.000716385198757,0.971499979496002,0.142202019691467
Adagrad,0.035,200,1,0.000677312607877,0.972299993038178,0.138319820165634
Adagrad,0.036,200,1,0.000614981283434,0.972599983215332,0.146393537521362
Adagrad,0.037,200,1,0.000704398902599,0.971000015735626,0.137490838766098
Adagrad,0.038,200,1,0.000561883090995,0.97350001335144,0.141690790653229
Adagrad,0.039,200,1,0.000512387836352,0.972500026226044,0.149048894643784
Adagrad,0.04,200,1,0.000526666175574,0.970099985599518,0.161378592252731
Adagrad,0.041,200,1,0.000462976575363,0.973399996757507,0.146929681301117
Adagrad,0.042,200,1,0.000424153899075,0.972000002861023,0.14728482067585
Adagrad,0.043,200,1,0.000460100505734,0.96969997882843,0.157304346561432
Adagrad,0.044,200,1,0.000411510467529,0.971300005912781,0.145533293485641
Adagrad,0.045,200,1,0.000352944480255,0.97299998998642,0.137579530477524
Adagrad,0.046,200,1,0.000370184861822,0.972199976444244,0.147452935576439
Adagrad,0.047,200,1,0.000354172923835,0.971199989318848,0.15541598200798
Adagrad,0.048,200,1,0.000348449713783,0.973100006580353,0.148132026195526
Adagrad,0.049,200,1,0.000297365651932,0.972699999809265,0.150459259748459
Adagrad,0.05,200,1,0.000298863335047,0.971700012683868,0.15388759970665
Adagrad,0.051,200,1,0.000271098542726,0.973399996757507,0.155468478798866
Adagrad,0.052,200,1,0.000265587645117,0.971700012683868,0.1524388641119
Adagrad,0.053,200,1,0.000253531121416,0.971599996089935,0.159183204174042
Adagrad,0.054,200,1,0.000271060853265,0.973699986934662,0.144488155841827
Adagrad,0.055,200,1,0.000274581310805,0.971800029277802,0.166388750076294
Adagrad,0.056,200,1,0.000238678432652,0.973999977111816,0.146115064620972
Adagrad,0.057,200,1,0.000254390324699,0.97189998626709,0.158815801143646
Adagrad,0.058,200,1,0.000244121838477,0.970899999141693,0.163262411952019
Adagrad,0.059,200,1,0.000199901332962,0.971300005912781,0.173226550221443
Adagrad,0.06,200,1,0.00019630343013,0.971400022506714,0.165341749787331
Adagrad,0.061,200,1,0.000227874144912,0.971599996089935,0.150255262851715
Adagrad,0.062,200,1,0.000185265700566,0.974300026893616,0.143809720873833
Adagrad,0.063,200,1,0.000182205549208,0.974900007247925,0.152922317385674
Adagrad,0.064,200,1,0.00018170135445,0.97299998998642,0.153876140713692
Adagrad,0.065,200,1,0.000195603453903,0.970300018787384,0.168095827102661
Adagrad,0.066,200,1,0.000181426832569,0.972100019454956,0.168737009167671
Adagrad,0.067,200,1,0.00017158529954,0.972299993038178,0.166167810559273
Adagrad,0.068,200,1,0.000169012128026,0.973399996757507,0.160101175308228
Adagrad,0.069,200,1,0.000162843629369,0.972299993038178,0.157639816403389
Adagrad,0.07,200,1,0.000169360107975,0.974500000476837,0.152983039617538
Adagrad,0.071,200,1,0.000159433431691,0.972899973392487,0.166175544261932
Adagrad,0.072,200,1,0.000155859306687,0.973200023174286,0.156703725457192
Adagrad,0.073,200,1,0.000151884072693,0.97350001335144,0.147816926240921
Adagrad,0.074,200,1,0.000140478339745,0.973100006580353,0.162677422165871
Adagrad,0.075,200,1,0.000148127262946,0.972599983215332,0.155454978346825
Adagrad,0.076,200,1,0.000132928413223,0.973100006580353,0.160614624619484
Adagrad,0.077,200,1,0.000133117791847,0.972599983215332,0.157007396221161
Adagrad,0.078,200,1,0.000134885922307,0.973399996757507,0.147690936923027
Adagrad,0.079,200,1,0.000124761310872,0.973399996757507,0.160332933068275
Adagrad,0.08,200,1,0.000135974070872,0.97079998254776,0.167051434516907
Adagrad,0.081,200,1,0.000124995407532,0.970899999141693,0.177603363990784
Adagrad,0.082,200,1,0.000115732058475,0.973599970340729,0.154925957322121
Adagrad,0.083,200,1,0.000123822450405,0.973699986934662,0.156331971287727
Adagrad,0.084,200,1,0.000112754802103,0.972599983215332,0.170084670186043
Adagrad,0.085,200,1,0.000114230402687,0.973699986934662,0.161791920661926
Adagrad,0.086,200,1,0.000112613372039,0.973800003528595,0.158041119575501
Adagrad,0.087,200,1,0.000106781844806,0.974300026893616,0.156397134065628
Adagrad,0.088,200,1,0.000113526992209,0.974300026893616,0.167918622493744
Adagrad,0.089,200,1,0.000109148415504,0.973800003528595,0.162699311971664
Adagrad,0.09,200,1,0.000103748141555,0.973100006580353,0.15795348584652
Adagrad,0.091,200,1,9.73967544268817E-05,0.973999977111816,0.153876692056656
Adagrad,0.092,200,1,9.54672723310068E-05,0.973800003528595,0.152643829584122
Adagrad,0.093,200,1,9.68355816439726E-05,0.973399996757507,0.174091637134552
Adagrad,0.094,200,1,9.19260710361414E-05,0.973900020122528,0.156971767544746
Adagrad,0.095,200,1,9.61130208452232E-05,0.971800029277802,0.163307011127472
Adagrad,0.096,200,1,9.0983827249147E-05,0.973800003528595,0.167090192437172
Adagrad,0.097,200,1,8.6685708083678E-05,0.975099980831146,0.148898065090179
Adagrad,0.098,200,1,8.80891675478779E-05,0.975000023841858,0.155524268746376
Adagrad,0.099,200,1,8.93270698725246E-05,0.973399996757507,0.157478734850883
Adagrad,0.1,200,1,7.97483371570706E-05,0.973900020122528,0.165684700012207
Adadelta,0.001,200,0.892359972000122,0.386188089847565,0.901000022888184,0.370938390493393
Adadelta,0.002,200,0.911639988422394,0.309629380702972,0.916400015354156,0.297747671604156
Adadelta,0.003,200,0.926680028438568,0.256320685148239,0.926699995994568,0.256399631500244
Adadelta,0.004,200,0.934260010719299,0.22697788476944,0.934599995613098,0.227353736758232
Adadelta,0.005,200,0.937099993228912,0.219277754426002,0.934700012207031,0.223505079746246
Adadelta,0.006,200,0.945179998874664,0.189907729625702,0.943000018596649,0.194679617881775
Adadelta,0.007,200,0.947960019111633,0.17805889248848,0.945299983024597,0.188538819551468
Adadelta,0.008,200,0.950640022754669,0.171114683151245,0.946699976921082,0.186374470591545
Adadelta,0.009,200,0.953159987926483,0.161211520433426,0.946099996566772,0.175482019782066
Adadelta,0.01,200,0.955560028553009,0.153230518102646,0.948000013828278,0.170192837715149
Adadelta,0.011,200,0.960799992084503,0.135603442788124,0.954200029373169,0.155709162354469
Adadelta,0.012,200,0.961399972438812,0.134624868631363,0.954200029373169,0.151608660817146
Adadelta,0.013,200,0.96153998374939,0.132857546210289,0.955399990081787,0.152178317308426
Adadelta,0.014,200,0.96806001663208,0.111150167882442,0.95959997177124,0.132350996136665
Adadelta,0.015,200,0.967459976673126,0.110153622925282,0.959999978542328,0.136046916246414
Adadelta,0.016,200,0.969380021095276,0.106843203306198,0.960799992084503,0.133819788694382
Adadelta,0.017,200,0.970179975032806,0.103259928524494,0.96069997549057,0.127948954701424
Adadelta,0.018,200,0.970499992370606,0.103210888803005,0.960099995136261,0.129870191216469
Adadelta,0.019,200,0.972339987754822,0.096314661204815,0.963599979877472,0.127124205231667
Adadelta,0.02,200,0.975639998912811,0.086423464119434,0.96399998664856,0.118758775293827
Adadelta,0.021,200,0.973800003528595,0.091337122023106,0.96450001001358,0.1247848123312
Adadelta,0.022,200,0.976000010967254,0.085698917508125,0.963500022888184,0.120026767253876
Adadelta,0.023,200,0.977739989757538,0.080719724297524,0.964200019836426,0.120523318648338
Adadelta,0.024,200,0.976320028305054,0.082889407873154,0.962700009346008,0.12146470695734
Adadelta,0.025,200,0.979939997196198,0.072877652943134,0.967400014400482,0.108780466020107
Adadelta,0.026,200,0.979759991168976,0.072247684001923,0.966400027275085,0.109841465950012
Adadelta,0.027,200,0.97843998670578,0.076036468148232,0.965200006961822,0.112625613808632
Adadelta,0.028,200,0.982159972190857,0.065415345132351,0.968500018119812,0.106601767241955
Adadelta,0.029,200,0.981260001659393,0.066678293049336,0.966300010681152,0.110773377120495
Adadelta,0.03,200,0.980719983577728,0.068179249763489,0.967100024223327,0.110226973891258
Adadelta,0.031,200,0.982659995555878,0.063076592981815,0.968699991703033,0.107058152556419
Adadelta,0.032,200,0.984220027923584,0.059105731546879,0.969099998474121,0.101134620606899
Adadelta,0.033,200,0.983120024204254,0.062314130365849,0.967400014400482,0.106870971620083
Adadelta,0.034,200,0.985700011253357,0.053986586630344,0.9685999751091,0.101794332265854
Adadelta,0.035,200,0.984279990196228,0.057528529316187,0.9689000248909,0.108474366366863
Adadelta,0.036,200,0.98470002412796,0.057428885251284,0.967000007629394,0.103392079472542
Adadelta,0.037,200,0.986519992351532,0.051770828664303,0.968800008296967,0.102200910449028
Adadelta,0.038,200,0.988200008869171,0.046897687017918,0.969900012016296,0.100821182131767
Adadelta,0.039,200,0.987500011920929,0.046484787017107,0.970399975776672,0.093557670712471
Adadelta,0.04,200,0.98633998632431,0.049584310501814,0.969399988651276,0.102856874465942
Adadelta,0.041,200,0.989080011844635,0.042312286794186,0.971300005912781,0.099996611475945
Adadelta,0.042,200,0.988200008869171,0.045475833117962,0.97079998254776,0.103266038000584
Adadelta,0.043,200,0.987879991531372,0.046076666563749,0.96969997882843,0.103208608925343
Adadelta,0.044,200,0.987479984760284,0.047459986060858,0.967999994754791,0.106991566717625
Adadelta,0.045,200,0.989260017871857,0.041887134313583,0.971000015735626,0.099919013679028
Adadelta,0.046,200,0.988900005817413,0.044074647128582,0.969399988651276,0.10518891364336
Adadelta,0.047,200,0.988900005817413,0.042717173695564,0.969600021839142,0.102131448686123
Adadelta,0.048,200,0.990559995174408,0.038046911358833,0.969299972057342,0.103034287691116
Adadelta,0.049,200,0.989920020103455,0.03881011903286,0.969200015068054,0.106353402137756
Adadelta,0.05,200,0.99098002910614,0.035154055804014,0.97299998998642,0.09328006207943
Adadelta,0.051,200,0.990499973297119,0.037916146218777,0.971400022506714,0.099407501518726
Adadelta,0.052,200,0.991199970245361,0.034346647560597,0.970399975776672,0.101515784859657
Adadelta,0.053,200,0.990700006484985,0.035913407802582,0.970300018787384,0.103690005838871
Adadelta,0.054,200,0.991039991378784,0.036394950002432,0.970700025558472,0.10713467001915
Adadelta,0.055,200,0.993579983711243,0.028963379561901,0.970300018787384,0.100317403674126
Adadelta,0.056,200,0.993319988250732,0.028692508116365,0.971499979496002,0.095790609717369
Adadelta,0.057,200,0.992959976196289,0.030201975256205,0.970399975776672,0.101759925484657
Adadelta,0.058,200,0.993059992790222,0.028231874108315,0.971400022506714,0.097149908542633
Adadelta,0.059,200,0.992739975452423,0.030076241120696,0.970899999141693,0.101662501692772
Adadelta,0.06,200,0.994780004024506,0.02363096922636,0.971700012683868,0.100543729960918
Adadelta,0.061,200,0.993560016155243,0.028762241825461,0.969900012016296,0.098943836987019
Adadelta,0.062,200,0.993439972400665,0.027107678353787,0.969299972057342,0.104738637804985
Adadelta,0.063,200,0.994579970836639,0.024011313915253,0.972800016403198,0.09725409001112
Adadelta,0.064,200,0.993659973144531,0.028201367706061,0.972100019454956,0.104907467961311
Adadelta,0.065,200,0.995419979095459,0.020906547084451,0.972699999809265,0.09894560277462
Adadelta,0.066,200,0.994620025157928,0.023629434406757,0.971599996089935,0.103849083185196
Adadelta,0.067,200,0.994960010051727,0.023193366825581,0.969799995422363,0.107148922979832
Adadelta,0.068,200,0.994840025901794,0.022339355200529,0.971700012683868,0.104397192597389
Adadelta,0.069,200,0.994920015335083,0.023759787902236,0.972000002861023,0.099242672324181
Adadelta,0.07,200,0.995959997177124,0.019536174833775,0.97189998626709,0.102627992630005
Adadelta,0.071,200,0.996200025081634,0.01801991648972,0.972400009632111,0.105353698134422
Adadelta,0.072,200,0.996159970760345,0.01922613568604,0.97189998626709,0.102185405790806
Adadelta,0.073,200,0.997179985046387,0.015259481035173,0.971800029277802,0.11004900187254
Adadelta,0.074,200,0.995739996433258,0.019745575264096,0.970399975776672,0.11014362424612
Adadelta,0.075,200,0.995859980583191,0.020632959902287,0.972299993038178,0.104339830577374
Adadelta,0.076,200,0.995819985866547,0.019844269379973,0.972000002861023,0.099134415388107
Adadelta,0.077,200,0.996900022029877,0.016812955960631,0.971800029277802,0.101800702512264
Adadelta,0.078,200,0.996039986610413,0.019765539094806,0.970399975776672,0.109210543334484
Adadelta,0.079,200,0.996840000152588,0.016562389209867,0.969799995422363,0.115725718438625
Adadelta,0.08,200,0.996720016002655,0.016942309215665,0.971300005912781,0.113070264458656
Adadelta,0.081,200,0.996999979019165,0.015831062570214,0.971800029277802,0.111103981733322
Adadelta,0.082,200,0.997560024261475,0.01371993124485,0.971499979496002,0.113491773605347
Adadelta,0.083,200,0.99702000617981,0.016141403466463,0.970399975776672,0.110082641243935
Adadelta,0.084,200,0.997080028057098,0.015530865639448,0.96969997882843,0.114960789680481
Adadelta,0.085,200,0.997120022773743,0.016564454883337,0.968400001525879,0.113207474350929
Adadelta,0.086,200,0.998080015182495,0.010809434577823,0.972299993038178,0.107851415872574
Adadelta,0.087,200,0.997900009155273,0.011770961806178,0.971099972724915,0.110828891396523
Adadelta,0.088,200,0.998199999332428,0.011201845481992,0.972400009632111,0.109300374984741
Adadelta,0.089,200,0.99752002954483,0.013734894804657,0.969200015068054,0.113315112888813
Adadelta,0.09,200,0.998459994792938,0.00954747851938,0.972000002861023,0.114162057638168
Adadelta,0.091,200,0.997780025005341,0.012855502776802,0.973299980163574,0.108788780868053
Adadelta,0.092,200,0.998099982738495,0.011742487549782,0.972000002861023,0.115272998809814
Adadelta,0.093,200,0.998459994792938,0.010295590385795,0.9689000248909,0.124193444848061
Adadelta,0.094,200,0.998260021209717,0.010950825177133,0.971000015735626,0.11121016740799
Adadelta,0.095,200,0.998179972171783,0.010441797785461,0.973599970340729,0.112593702971935
Adadelta,0.096,200,0.998199999332428,0.010853126645088,0.971700012683868,0.11308066546917
Adadelta,0.097,200,0.999040007591248,0.007573597598821,0.973100006580353,0.108137205243111
Adadelta,0.098,200,0.99864000082016,0.008827035315335,0.972299993038178,0.111916750669479
Adadelta,0.099,200,0.998920023441315,0.009034910239279,0.971300005912781,0.118271924555302
Adadelta,0.1,200,0.998520016670227,0.010206084698439,0.971099972724915,0.114221751689911
Adamax,0.001,200,1,1.20363097266818E-07,0.970300018787384,0.341359674930572
Adamax,0.002,200,1,2.16960893695273E-09,0.971400022506714,0.430526793003082
Adamax,0.003,200,1,7.02142255448734E-09,0.971800029277802,0.422661870718002
Adamax,0.004,200,1,2.55584686748023E-09,0.971499979496002,0.406538903713226
Adamax,0.005,200,1,3.49232571750235E-08,0.970099985599518,0.442466020584106
Adamax,0.006,200,1,9.87052883871797E-10,0.970899999141693,0.410351604223251
Adamax,0.007,200,1,1.30247963525676E-08,0.973800003528595,0.373000502586365
Adamax,0.008,200,1,3.05841376757598E-06,0.972000002861023,0.369141787290573
Adamax,0.009,200,0.999400019645691,0.001566243940033,0.971800029277802,0.410867035388946
Adamax,0.01,200,0.999719977378845,0.000819539593067,0.972800016403198,0.404554456472397
Adamax,0.011,200,1,7.51001095977699E-07,0.973200023174286,0.397191524505615
Adamax,0.012,200,1,1.47389993543356E-08,0.972199976444244,0.398069590330124
Adamax,0.013,200,1,4.93310388094414E-08,0.975199997425079,0.379650801420212
Adamax,0.014,200,0.999819993972778,0.000595577526838,0.971099972724915,0.416921496391296
Adamax,0.015,200,0.999620020389557,0.00108405877836,0.969799995422363,0.430812805891037
Adamax,0.016,200,0.999979972839356,7.10089516360313E-05,0.974799990653992,0.362025946378708
Adamax,0.017,200,0.999979972839356,5.22843984072097E-05,0.973699986934662,0.375099331140518
Adamax,0.018,200,1,2.14576645340969E-09,0.977299988269806,0.362062990665436
Adamax,0.019,200,1,1.75735351604089E-07,0.973299980163574,0.448095351457596
Adamax,0.02,200,1,1.66892992481404E-11,0.974900007247925,0.436051994562149
Adamax,0.021,200,1,1.64508781597128E-10,0.975899994373322,0.426898449659347
Adamax,0.022,200,1,4.41236807091627E-08,0.974500000476837,0.44024384021759
Adamax,0.023,200,1,1.68314802095892E-08,0.973999977111816,0.447517871856689
Adamax,0.024,200,1,6.19888237962662E-11,0.975499987602234,0.507774591445923
Adamax,0.025,200,1,4.02927358145178E-10,0.975300014019012,0.481418311595917
Adamax,0.026,200,1,2.0575420478508E-08,0.974200010299683,0.417740970849991
Adamax,0.027,200,0.999819993972778,0.000893005286343,0.973399996757507,0.567065000534058
Adamax,0.028,200,0.999459981918335,0.002208362333477,0.97189998626709,0.567851901054382
Adamax,0.029,200,1,1.19209277865684E-11,0.973100006580353,0.490011274814606
Adamax,0.03,200,0.999719977378845,0.001205503125675,0.97189998626709,0.604372203350067
Adamax,0.031,200,0.998700022697449,0.007772936485708,0.968400001525879,0.598178148269653
Adamax,0.032,200,0.999360024929047,0.002777177840471,0.974699974060059,0.619148194789887
Adamax,0.033,200,0.999559998512268,0.001908431411721,0.974799990653992,0.614765107631683
Adamax,0.034,200,0.999639987945556,0.001500379061326,0.968500018119812,0.729692041873932
Adamax,0.035,200,0.999279975891113,0.003015688154846,0.966300010681152,0.792231142520904
Adamax,0.036,200,0.999679982662201,0.001051818137057,0.970700025558472,0.621064960956574
Adamax,0.037,200,0.999939978122711,0.000157315371325,0.9689000248909,0.786148309707642
Adamax,0.038,200,0.999740004539489,0.001014458481222,0.971499979496002,0.703512072563171
Adamax,0.039,200,0.999740004539489,0.000668815453537,0.970300018787384,0.71758222579956
Adamax,0.04,200,0.998679995536804,0.00560151739046,0.966099977493286,0.808728754520416
Adamax,0.041,200,0.999499976634979,0.001963953021914,0.967599987983704,0.755345344543457
Adamax,0.042,200,0.999639987945556,0.001757641555741,0.971099972724915,0.781604588031769
Adamax,0.043,200,0.999459981918335,0.002091373316944,0.971499979496002,0.842579364776611
Adamax,0.044,200,0.999520003795624,0.002295662183315,0.968500018119812,0.957890033721924
Adamax,0.045,200,0.999239981174469,0.003554182127118,0.969600021839142,0.847797334194183
Adamax,0.046,200,0.999379992485046,0.002828713040799,0.965699970722198,0.948160529136658
Adamax,0.047,200,0.999499976634979,0.002999073825777,0.967999994754791,0.846883714199066
Adamax,0.048,200,0.998619973659515,0.006074295844883,0.963599979877472,1.07574808597565
Adamax,0.049,200,0.999520003795624,0.002630298957229,0.964299976825714,0.945192098617554
Adamax,0.05,200,0.998759984970093,0.006721730809659,0.962400019168854,1.01927924156189
Adamax,0.051,200,0.999180018901825,0.003448246745393,0.969799995422363,0.895284175872803
Adamax,0.052,200,0.998799979686737,0.009683843702078,0.966099977493286,1.08546221256256
Adamax,0.053,200,0.999639987945556,0.001605593366548,0.966199994087219,0.975026071071625
Adamax,0.054,200,0.99975997209549,0.001352634862997,0.963800013065338,1.1214154958725
Adamax,0.055,200,0.99975997209549,0.001126960036345,0.970099985599518,0.947767078876495
Adamax,0.056,200,0.999019980430603,0.005712673999369,0.967299997806549,1.02981901168823
Adamax,0.057,200,0.999700009822845,0.001596474903636,0.968299984931946,1.07115876674652
Adamax,0.058,200,0.999679982662201,0.001990888267756,0.970700025558472,1.00519335269928
Adamax,0.059,200,0.999339997768402,0.00276188692078,0.966899991035461,0.972846388816834
Adamax,0.06,200,0.998279988765717,0.006940353196114,0.959699988365173,1.08143079280853
Adamax,0.061,200,0.998319983482361,0.008255858905613,0.960500001907349,1.18241584300995
Adamax,0.062,200,0.997219979763031,0.011727812699974,0.957199990749359,1.05260717868805
Adamax,0.063,200,0.998619973659515,0.008103435859084,0.965399980545044,1.09882974624634
Adamax,0.064,200,0.999040007591248,0.004932143259794,0.957400023937225,1.23031663894653
Adamax,0.065,200,0.999300003051758,0.004068955779076,0.965799987316132,1.10522627830505
Adamax,0.066,200,0.998560011386871,0.008600692264736,0.963500022888184,1.13089299201965
Adamax,0.067,200,0.99864000082016,0.00868980679661,0.960799992084503,1.2488557100296
Adamax,0.068,200,0.998939990997314,0.005946347489953,0.962300002574921,1.23652327060699
Adamax,0.069,200,0.99838000535965,0.009584028273821,0.95880001783371,1.28269565105438
Adamax,0.07,200,0.997780025005341,0.009556770324707,0.956499993801117,1.06143128871918
Adamax,0.071,200,0.998719990253448,0.006592541001737,0.963199973106384,1.24023675918579
Adamax,0.072,200,0.997039973735809,0.01338460855186,0.952300012111664,1.39328980445862
Adamax,0.073,200,0.998480021953583,0.011260816827417,0.964699983596802,1.27197098731995
Adamax,0.074,200,0.996999979019165,0.012778281234205,0.956700026988983,1.08444046974182
Adamax,0.075,200,0.999059975147247,0.003507613902912,0.963100016117096,1.20747816562653
Adamax,0.076,200,0.998399972915649,0.00692840712145,0.963100016117096,1.10711634159088
Adamax,0.077,200,0.997080028057098,0.01710419356823,0.956799983978272,1.31594395637512
Adamax,0.078,200,0.994939982891083,0.024216672405601,0.952099978923798,1.38991069793701
Adamax,0.079,200,0.998099982738495,0.009457405656576,0.961099982261658,1.17652463912964
Adamax,0.08,200,0.998300015926361,0.006485374178737,0.959500014781952,1.15470564365387
Adamax,0.081,200,0.9964399933815,0.014532142318785,0.95660001039505,1.14428520202637
Adamax,0.082,200,0.997919976711273,0.011363338679075,0.959399998188019,1.4867537021637
Adamax,0.083,200,0.994599997997284,0.023048792034388,0.955099999904633,1.07735681533813
Adamax,0.084,200,0.995419979095459,0.027023646980524,0.956700026988983,1.43584859371185
Adamax,0.085,200,0.998799979686737,0.006936023477465,0.961700022220612,1.3075110912323
Adamax,0.086,200,0.995299994945526,0.019211018458009,0.956499993801117,1.34974896907806
Adamax,0.087,200,0.995760023593903,0.016525682061911,0.953599989414215,1.2896124124527
Adamax,0.088,200,0.993600010871887,0.024517167359591,0.945900022983551,1.07287740707397
Adamax,0.089,200,0.994660019874573,0.029021816328168,0.957300007343292,1.18959450721741
Adamax,0.09,200,0.998279988765717,0.007031118031591,0.959299981594086,1.45862007141113
Adamax,0.091,200,0.987339973449707,0.040946148335934,0.946399986743927,0.833522260189056
Adamax,0.092,200,0.996159970760345,0.017056062817574,0.95550000667572,1.1160284280777
Adamax,0.093,200,0.992640018463135,0.025807727128267,0.949400007724762,1.21121108531952
Adamax,0.094,200,0.997680008411408,0.011640097945929,0.95990002155304,1.33711123466492
Adamax,0.095,200,0.988820016384125,0.03956151753664,0.94489997625351,0.850196301937103
Adamax,0.096,200,0.992659986019134,0.029351327568293,0.949500024318695,1.03943705558777
Adamax,0.097,200,0.98989999294281,0.039689630270004,0.948000013828278,0.990995705127716
Adamax,0.098,200,0.995039999485016,0.023146772757173,0.955200016498566,1.26590394973755
Adamax,0.099,200,0.993160009384155,0.026756713166833,0.949299991130829,1.20842814445496
Adamax,0.1,200,0.994000017642975,0.025139033794403,0.956399977207184,1.10281145572662
Nadam,0.001,200,1,1.38544997696499E-08,0.9757000207901,0.35692748427391
Nadam,0.002,200,0.998920023441315,0.006271763704717,0.971300005912781,0.773566365242004
Nadam,0.003,200,0.998220026493072,0.014315868727863,0.971499979496002,1.11632680892944
Nadam,0.004,200,0.999040007591248,0.011310364119709,0.973100006580353,1.16954576969147
Nadam,0.005,200,0.998799979686737,0.015351532958448,0.971599996089935,1.46470153331757
Nadam,0.006,200,0.998700022697449,0.012459890916944,0.973200023174286,1.27090668678284
Nadam,0.007,200,0.998019993305206,0.032126251608133,0.969900012016296,1.58291304111481
Nadam,0.008,200,0.998799979686737,0.008224961347878,0.971499979496002,1.60745346546173
Nadam,0.009,200,0.995480000972748,0.01910199970007,0.967199981212616,1.57773804664612
Nadam,0.01,200,0.993340015411377,0.03902854397893,0.964600026607513,2.21903085708618
Nadam,0.011,200,0.994180023670196,0.028784336522222,0.964299976825714,1.93146014213562
Nadam,0.012,200,0.990819990634918,0.035980738699436,0.963299989700317,1.36962032318115
Nadam,0.013,200,0.991680026054382,0.050078745931387,0.963299989700317,1.85304355621338
Nadam,0.014,200,0.985880017280579,0.061046183109284,0.95660001039505,1.64929747581482
Nadam,0.015,200,0.990019977092743,0.058314837515354,0.961199998855591,2.60191941261291
Nadam,0.016,200,0.987820029258728,0.052984800189734,0.956900000572205,2.04050064086914
Nadam,0.017,200,0.98555999994278,0.068581759929657,0.951200008392334,1.96795880794525
Nadam,0.018,200,0.988619983196258,0.038480546325445,0.956700026988983,2.26580786705017
Nadam,0.019,200,0.977460026741028,0.093371070921421,0.947899997234344,3.37845849990845
Nadam,0.02,200,0.981559991836548,0.137805268168449,0.955299973487854,3.09261155128479
Nadam,0.021,200,0.973380029201508,0.087405234575272,0.943000018596649,1.73405408859253
Nadam,0.022,200,0.979659974575043,0.10257213562727,0.953499972820282,1.98397481441498
Nadam,0.023,200,0.982100009918213,0.160863518714905,0.955299973487854,2.33385825157166
Nadam,0.024,200,0.966260015964508,0.121154375374317,0.939400017261505,1.84414982795715
Nadam,0.025,200,0.973640024662018,0.101889781653881,0.945500016212463,2.07637786865234
Nadam,0.026,200,0.947220027446747,0.162404403090477,0.925599992275238,2.08418154716492
Nadam,0.027,200,0.973879992961884,0.099931471049786,0.940699994564056,1.84972131252289
Nadam,0.028,200,0.970480024814606,0.091201104223728,0.942700028419495,2.50579404830933
Nadam,0.029,200,0.964579999446869,0.143127888441086,0.934599995613098,2.2531213760376
Nadam,0.03,200,0.970179975032806,0.097965009510517,0.938700020313263,1.4883496761322
Nadam,0.031,200,0.975780010223389,0.123738117516041,0.943700015544891,2.14035701751709
Nadam,0.032,200,0.96943998336792,0.106340743601322,0.939899981021881,1.56988883018494
Nadam,0.033,200,0.964039981365204,0.127730444073677,0.935999989509582,2.26098918914795
Nadam,0.034,200,0.964940011501312,0.116866670548916,0.93639999628067,1.79791235923767
Nadam,0.035,200,0.954460024833679,0.133862629532814,0.928300023078918,1.1539226770401
Nadam,0.036,200,0.965179979801178,0.114868342876434,0.936800003051758,2.5024631023407
Nadam,0.037,200,0.961419999599457,0.147326350212097,0.92960000038147,2.17107081413269
Nadam,0.038,200,0.962559998035431,0.128885313868523,0.931800007820129,1.71550977230072
Nadam,0.039,200,0.959299981594086,0.142486155033112,0.928099989891052,1.34606266021729
Nadam,0.04,200,0.958320021629334,0.138464450836182,0.930000007152557,2.25619101524353
Nadam,0.041,200,0.949699997901916,0.215643227100372,0.924799978733063,2.18501830101013
Nadam,0.042,200,0.950460016727448,0.173341497778893,0.921299993991852,1.32905173301697
Nadam,0.043,200,0.919839978218079,0.275376886129379,0.89819997549057,2.56467080116272
Nadam,0.044,200,0.929719984531403,0.244816988706589,0.910399973392487,1.85955953598022
Nadam,0.045,200,0.924499988555908,0.303521931171417,0.904799997806549,1.93638396263123
Nadam,0.046,200,0.947820007801056,0.180990353226662,0.921899974346161,3.7594895362854
Nadam,0.047,200,0.936839997768402,0.316008746623993,0.913399994373322,2.80693984031677
Nadam,0.048,200,0.919459998607636,0.342076927423477,0.901099979877472,2.54841542243958
Nadam,0.049,200,0.927179992198944,0.391750872135162,0.911300003528595,1.23286437988281
Nadam,0.05,200,0.937560021877289,0.277896583080292,0.91729998588562,2.07853245735168
Nadam,0.051,200,0.921920001506805,0.295935809612274,0.896899998188019,1.4399676322937
Nadam,0.052,200,0.915579974651337,0.313274472951889,0.895600020885468,1.92014575004578
Nadam,0.053,200,0.915620028972626,0.369344413280487,0.898500025272369,1.7496120929718
Nadam,0.054,200,0.917200028896332,0.347852647304535,0.899600028991699,1.53331756591797
Nadam,0.055,200,0.806760013103485,0.595660328865051,0.796899974346161,2.25984716415405
Nadam,0.056,200,0.815339982509613,0.506372630596161,0.794600009918213,1.92041420936584
Nadam,0.057,200,0.912060022354126,0.386130660772324,0.889299988746643,1.53055739402771
Nadam,0.058,200,0.744700014591217,0.787732183933258,0.732200026512146,2.18719959259033
Nadam,0.059,200,0.835799992084503,0.406699776649475,0.815299987792969,0.955150783061981
Nadam,0.06,200,0.88400000333786,0.451386868953705,0.867699980735779,2.22048330307007
Nadam,0.061,200,0.914460003376007,0.376355826854706,0.899500012397766,1.07149946689606
Nadam,0.062,200,0.724659979343414,0.654463946819305,0.7185999751091,1.74385058879852
Nadam,0.063,200,0.515940010547638,1.08334279060364,0.511300027370453,1.52155613899231
Nadam,0.064,200,0.607439994812012,0.916901350021362,0.60180002450943,2.11667704582214
Nadam,0.065,200,0.549260020256043,1.02685391902924,0.550700008869171,2.38736438751221
Nadam,0.066,200,0.300020009279251,1.55693531036377,0.304100006818771,1.88537895679474
Nadam,0.067,200,0.592999994754791,1.19929921627045,0.597299993038178,3.78846406936645
Nadam,0.068,200,0.400920003652573,1.3771824836731,0.400200009346008,1.72262322902679
Nadam,0.069,200,0.516719996929169,1.07753205299377,0.513599991798401,1.63164508342743
Nadam,0.07,200,0.58050000667572,0.996751248836517,0.585200011730194,1.52586507797241
Nadam,0.071,200,0.536119997501373,1.06987190246582,0.527300000190735,1.77666676044464
Nadam,0.072,200,0.362139999866486,1.46942818164825,0.351200014352798,2.13922595977783
Nadam,0.073,200,0.380120009183884,1.33904731273651,0.3783999979496,1.69658374786377
Nadam,0.074,200,0.665040016174316,0.852045953273773,0.653500020503998,1.16368865966797
Nadam,0.075,200,0.305620014667511,1.56820714473724,0.297699987888336,2.04555583000183
Nadam,0.076,200,0.380199998617172,1.38404870033264,0.380499988794327,1.86137557029724
Nadam,0.077,200,0.279579997062683,1.67477536201477,0.279399991035461,2.35157775878906
Nadam,0.078,200,0.497999995946884,1.12195205688477,0.495999991893768,3.13314318656921
Nadam,0.079,200,0.306400001049042,1.60442674160004,0.309899985790253,2.4059054851532
Nadam,0.08,200,0.285219997167587,1.69015121459961,0.284299999475479,1.69113051891327
Nadam,0.081,200,0.380699992179871,1.40591871738434,0.382200002670288,1.63551139831543
Nadam,0.082,200,0.18469999730587,1.89453685283661,0.185399994254112,1.88749611377716
Nadam,0.083,200,0.206780001521111,1.89054095745087,0.207800000905991,6.34566783905029
Nadam,0.084,200,0.172959998250008,1.95977187156677,0.170100003480911,1.95929253101349
Nadam,0.085,200,0.189040005207062,1.83155655860901,0.192900002002716,1.83712458610535
Nadam,0.086,200,0.549880027770996,1.28065836429596,0.546599984169006,1.37941133975983
Nadam,0.087,200,0.264899998903274,1.69861447811127,0.263300001621246,2.17355108261108
Nadam,0.088,200,0.210199996829033,1.94230532646179,0.211099997162819,1.94013726711273
Nadam,0.089,200,0.18588000535965,1.80332386493683,0.185900002717972,1.80062913894653
Nadam,0.09,200,0.293119996786118,1.57912874221802,0.290800005197525,1.72190368175507
Nadam,0.091,200,0.294679999351501,1.62746000289917,0.296999990940094,2.61856365203857
Nadam,0.092,200,0.298660010099411,1.62119650840759,0.300599992275238,2.88983845710754
Nadam,0.093,200,0.206300005316734,1.81362497806549,0.205799996852875,1.81736898422241
Nadam,0.094,200,0.201839998364448,1.83624958992004,0.205300003290176,1.82734358310699
Nadam,0.095,200,0.203140005469322,1.82747662067413,0.208700001239777,1.82998812198639
Nadam,0.096,200,0.295619994401932,1.65371751785278,0.297300010919571,3.70582222938538
Nadam,0.097,200,0.206980004906654,1.86912155151367,0.208800002932548,1.8638072013855
Nadam,0.098,200,0.206740006804466,1.82448410987854,0.207300007343292,1.83707678318024
Nadam,0.099,200,0.229120001196861,1.7639981508255,0.228799998760223,1.83555603027344
Nadam,0.1,200,0.199739992618561,1.79170489311218,0.201700001955032,1.78996169567108
